Title,Rating,Reviews,Phone,Industry,Address,Website,Google Maps Link
Suretech Hospital,4.4,825,091122 2224,General hospital  13A Banerjee MargOpen,,https://shrcl.in/,https://www.google.com/maps/place/Suretech+Hospital/data=!4m7!3m6!1s0x3bd4c0c011f8b8d1:0xdc284dc34b997b53!8m2!3d21.1372876!4d79.0799918!16s%2Fg%2F1tlqnfxh!19sChIJ0bj4EcDA1DsRU3uZS8NNKNw?authuser=0&hl=en&rclk=1
SevenStar Hospital,4.6,"4,199",712 669 9822,General hospital  324 1 Great Nag Rd near Jagnade SquareOpen,,http://sevenstarhospitals.com/,https://www.google.com/maps/place/SevenStar+Hospital/data=!4m7!3m6!1s0x3bd4c756234caf99:0x6dad340a5c314afe!8m2!3d21.138992!4d79.1201063!16s%2Fg%2F11f2wckv8r!19sChIJma9MI1bH1DsR_koxXAo0rW0?authuser=0&hl=en&rclk=1
VIMS Hospital,4.2,763,712 350 5800,General hospital  Kamptee RdOpen,,https://vimsnagpur.in/,https://www.google.com/maps/place/VIMS+Hospital/data=!4m7!3m6!1s0x3bd4c0e6f2d8f421:0xbb8c994d09b8b5ec!8m2!3d21.1576698!4d79.0824816!16s%2Fg%2F11c1wybbcp!19sChIJIfTY8ubA1DsR7LW4CU2ZjLs?authuser=0&hl=en&rclk=1
Mure Memorial Hospital,3.7,59,712 252 2370,General hospital  Mure Memorial Hospital Maharajbagh RdOpen,,http://www.murememorialhospital.org/,https://www.google.com/maps/place/Mure+Memorial+Hospital/data=!4m7!3m6!1s0x3bd4c0ed3ab57cdd:0xe7a78d7d6b91b243!8m2!3d21.1450106!4d79.0779973!16s%2Fg%2F1th22812!19sChIJ3Xy1Ou3A1DsRQ7KRa32Np-c?authuser=0&hl=en&rclk=1
Integrity Superspeciality Hospital,4.9,"1,304",098019 8010,Hospital  Plot No 05 Vinoba Nagar Samasya Nivaran Co Operative Housing Society layoutOpen,,https://integrityhospital.in/,https://www.google.com/maps/place/Integrity+Superspeciality+Hospital/data=!4m7!3m6!1s0x3bd4b973839fdc9d:0x59792a4e92ce7770!8m2!3d21.1211143!4d79.1362368!16s%2Fg%2F11twfg1w0f!19sChIJndyfg3O51DsRcHfOkk4qeVk?authuser=0&hl=en&rclk=1
"CARE Hospitals, Nagpur",4.6,"2,654",,Hospital  3 Farmland RdOpen,,https://www.carehospitals.com/hospitals/nagpur/,"https://www.google.com/maps/place/CARE+Hospitals,+Nagpur/data=!4m7!3m6!1s0x3bd4c1205274cc13:0xeac5a74bb47df23a!8m2!3d21.138545!4d79.0791634!16s%2Fg%2F1tfkp64l!19sChIJE8x0UiDB1DsROvJ9tEunxeo?authuser=0&hl=en&rclk=1"
Super Speciality Hospital,4.1,203,712 275 0123,Hospital  44F2+HXP Hanuman Nagar Manewada Road Near Rashtra Sant Tukdoji beside Cancer Hospital,0712 275 0123,http://www.sshnagpur.com/,https://www.google.com/maps/place/Super+Speciality+Hospital/data=!4m7!3m6!1s0x3bd4bf4ec9119fc7:0x8c34eac1de28dbc9!8m2!3d21.1239573!4d79.1024418!16s%2Fg%2F1tf801cs!19sChIJx58RyU6_1DsRydso3sHqNIw?authuser=0&hl=en&rclk=1
Arihant Multispeciality Hospital | Best Hospital in Nagpur | Top Hospital in Nagpur | Leading Hospital in Nagpur,4.8,"3,681",712 665 6666,Hospital  Baidyanath Sqr opp capitol heights opp VRmallOpen,,https://arihanthospitals.co.in/,https://www.google.com/maps/place/Arihant+Multispeciality+Hospital+%7C+Best+Hospital+in+Nagpur+%7C+Top+Hospital+in+Nagpur+%7C+Leading+Hospital+in+Nagpur/data=!4m7!3m6!1s0x3bd4c12cfa00890f:0xcb8dacd947af930c!8m2!3d21.1346121!4d79.0968072!16s%2Fg%2F11mhpxhwj4!19sChIJD4kA-izB1DsRDJOvR9msjcs?authuser=0&hl=en&rclk=1
Varunam Superspeciality Hospital,4.7,200,074477 9900,General hospital  Aditya Enclave 20-A Central Bazar Road Opposite Somalwar High SchoolOpen,,https://www.varunamhospital.com/,https://www.google.com/maps/place/Varunam+Superspeciality+Hospital/data=!4m7!3m6!1s0x3bd4c1e1341f9e15:0x9951d32a46957a77!8m2!3d21.1336848!4d79.07459!16s%2Fg%2F12633pgdb!19sChIJFZ4fNOHB1DsRd3qVRirTUZk?authuser=0&hl=en&rclk=1
Meditrina Institute of Medical Sciences - Best Multispeciality hospital in Nagpur,4.1,"1,198",712 666 9666,General hospital  Meditrina institute of medical science 278 Central Bazar RoadOpen,,https://meditrinainstitute.com/,https://www.google.com/maps/place/Meditrina+Institute+of+Medical+Sciences+-+Best+Multispeciality+hospital+in+Nagpur/data=!4m7!3m6!1s0x3bd4c091223e1f99:0x2cc9fc7f5fad3d0d!8m2!3d21.1330432!4d79.0712206!16s%2Fg%2F1tgwqqmy!19sChIJmR8-IpHA1DsRDT2tX3_8ySw?authuser=0&hl=en&rclk=1
NIRAMAY HOSPITAL,4.6,315,075075 2762,Hospital  Niramay Hospital 518 Medical College RdOpen,,https://niramayhospital.com/,https://www.google.com/maps/place/NIRAMAY+HOSPITAL/data=!4m7!3m6!1s0x3bd4c0afd66d5793:0x702aa03a5c6c9922!8m2!3d21.133999!4d79.1008222!16s%2Fg%2F11bcdyfk49!19sChIJk1dt1q_A1DsRIplsXDqgKnA?authuser=0&hl=en&rclk=1
Midas Multispeciality Hospital Pvt. Ltd.,3.9,"1,382",712 243 0511,General hospital  4th Floor Midas Heights 7 Central Bazar RoadOpen,,https://www.midashospital.com/,https://www.google.com/maps/place/Midas+Multispeciality+Hospital+Pvt.+Ltd./data=!4m7!3m6!1s0x3bd4c1d3c1a4b0c7:0x52e8a7c9b8eb6462!8m2!3d21.1339738!4d79.0755831!16s%2Fg%2F1v3kfz9b!19sChIJx7CkwdPB1DsRYmTruMmn6FI?authuser=0&hl=en&rclk=1
Shatayu Hospital,3.9,118,093700 8547,General hospital  26 Wardha RdOpen,,http://www.shatayuhospital.com/,https://www.google.com/maps/place/Shatayu+Hospital/data=!4m7!3m6!1s0x3bd4c09071e7a549:0xcd5ba170ff1f46c8!8m2!3d21.1332108!4d79.077926!16s%2Fg%2F11cm_hcz4z!19sChIJSaXncZDA1DsRyEYf_3ChW80?authuser=0&hl=en&rclk=1
Getwell Hospital and Research Institute,4.1,593,712 663 2200,General hospital ,20 1,http://getwellhospitals.com/,https://www.google.com/maps/place/Getwell+Hospital+and+Research+Institute/data=!4m7!3m6!1s0x3bd4c0911ba69d8f:0x5bc57de2f6820547!8m2!3d21.1361052!4d79.0795349!16s%2Fg%2F1tg5sj5q!19sChIJj52mG5HA1DsRRwWC9uJ9xVs?authuser=0&hl=en&rclk=1
Ultracare Hospitals,5.0,12,800 889 4190,Hospital  KDK CampusOpen,,,https://www.google.com/maps/place/Ultracare+Hospitals/data=!4m7!3m6!1s0x3bd4c1828f34c8df:0xc752240fabd4c198!8m2!3d21.139336!4d79.1284499!16s%2Fg%2F11t0l_40gp!19sChIJ38g0j4LB1DsRmMHUqw8kUsc?authuser=0&hl=en&rclk=1
NewEra Hospital,4.0,1,080559 9779,General hospital Plot No 204 &,205080559 97799,http://newerahospitals.com/,https://www.google.com/maps/place/NewEra+Hospital/data=!4m7!3m6!1s0x3bd4c715d0000001:0x36ad0bd2fa6130a2!8m2!3d21.1531827!4d79.1343579!16s%2Fg%2F11vx7g93r0!19sChIJAQAA0BXH1DsRojBh-tILrTY?authuser=0&hl=en&rclk=1
Orange City Hospital & Research Institute,4.7,"5,559",712 663 4800,General hospital  19 Khamla Road Veer Sawarkar Square Opposite to Jupiter CollegeOpen,,http://www.ochri.com/,https://www.google.com/maps/place/Orange+City+Hospital+%26+Research+Institute/data=!4m7!3m6!1s0x3bd4bf78bb933bcf:0x7911878f235475a!8m2!3d21.1128464!4d79.0654763!16s%2Fg%2F1tf7w56f!19sChIJzzuTu3i_1DsRWkc18ngYkQc?authuser=0&hl=en&rclk=1
NEUROSPINE HOSPITAL AND REVIVE CRITICAL CARE (NHRCC),4.8,209,090217 2133,General hospital  3rd Floor Panchvati Tower Wardha Rd beside The Hitvada Head OfficeOpen,,https://www.nhrcc.in/,https://www.google.com/maps/place/NEUROSPINE+HOSPITAL+AND+REVIVE+CRITICAL+CARE+%28NHRCC%29/data=!4m7!3m6!1s0x3bd4c1d28cd38bf1:0x810e10b112fd530a!8m2!3d21.1330808!4d79.0778579!16s%2Fg%2F11lrpk455h!19sChIJ8YvTjNLB1DsRClP9ErEQDoE?authuser=0&hl=en&rclk=1
Wanjari Hospital,3.1,51,712 270 5505,General hospital  44F9+J6C Umred Rd beside भारत मेडिकल आणि सर्जिकलOpen,,,https://www.google.com/maps/place/Wanjari+Hospital/data=!4m7!3m6!1s0x3bd4bff5abd93d17:0x2f018d70bea31a0!8m2!3d21.1240527!4d79.1180168!16s%2Fg%2F1tcy2rq5!19sChIJFz3Zq_W_1DsRoDHqC9cY8AI?authuser=0&hl=en&rclk=1
Swasthyam Superspeciality Hospital,4.5,633,086008 8844,General hospital  Swasthyam Hospital 97/98 Wardha RdOpen,,https://swasthyamhospital.com/,https://www.google.com/maps/place/Swasthyam+Superspeciality+Hospital/data=!4m7!3m6!1s0x3bd4bf0c3ad8c14d:0x2ea7909c870f8ef3!8m2!3d21.1149629!4d79.0696019!16s%2Fg%2F11qmgz0680!19sChIJTcHYOgy_1DsR844Ph5yQpy4?authuser=0&hl=en&rclk=1
"Wockhardt Super Specialty Hospital, Nagpur",4.8,"8,580",086056 0444,General hospital  Daga College 1643 Ambazari Rd beside Lady AmritbaiOpen,,https://www.wockhardthospitals.com/nagpur-multispeciality/,"https://www.google.com/maps/place/Wockhardt+Super+Specialty+Hospital,+Nagpur/data=!4m7!3m6!1s0x3bd4c062371add07:0x799e386a8892d428!8m2!3d21.134687!4d79.0585745!16s%2Fg%2F11c26wxgwt!19sChIJB90aN2LA1DsRKNSSiGo4nnk?authuser=0&hl=en&rclk=1"
Gananam Hospital,4.7,9,712 244 3939,General hospital  1 Nandanvan Main Rd,0712 244 3939,https://gananamhospitalnagpur.com/,https://www.google.com/maps/place/Gananam+Hospital/data=!4m7!3m6!1s0x3bd4c75067177a95:0x860b8b13dafe76dc!8m2!3d21.1328471!4d79.1197013!16s%2Fg%2F11h9rxhd_8!19sChIJlXoXZ1DH1DsR3Hb-2hOLC4Y?authuser=0&hl=en&rclk=1
Shree Hospital & Critical Care Center,4.1,16,712 270 2215,Private hospital  44G8+9JF Umred Rd,0712 270 2215,http://www.shccc.co.in/,https://www.google.com/maps/place/Shree+Hospital+%26+Critical+Care+Center/data=!4m7!3m6!1s0x3bd4c7565e4db15f:0xf426f0e4c2e2f785!8m2!3d21.1259324!4d79.1165357!16s%2Fg%2F11rrjr01zc!19sChIJX7FNXlbH1DsRhffiwuTwJvQ?authuser=0&hl=en&rclk=1
Dik Hospital,3.0,3,,,,,https://www.google.com/maps/place/Dik+Hospital/data=!4m7!3m6!1s0x3bd4c114ee7672b5:0x684a59700907cd22!8m2!3d21.1449788!4d79.0834374!16s%2Fg%2F11gmz6mh65!19sChIJtXJ27hTB1DsRIs0HCXBZSmg?authuser=0&hl=en&rclk=1
ESI Hospital,3.4,91,,General hospital  44G4+WGH Somwari Road Manewada Rd opp Nurses HostelOpen,,http://www.esic.nic.in/,https://www.google.com/maps/place/ESI+Hospital/data=!4m7!3m6!1s0x3bd4c0ab9a2c3f6d:0x5cdd4653a69bf584!8m2!3d21.1273011!4d79.1063621!16s%2Fg%2F1tjcmxr7!19sChIJbT8smqvA1DsRhPWbplNG3Vw?authuser=0&hl=en&rclk=1
Nagpur City Hospital,4.3,15,084211 1578,Private hospital  542X+8JH Bhandara Rd CA Rd RK BhokClosed ⋅ Opens 7 am Sat,084211 15781,,https://www.google.com/maps/place/Nagpur+City+Hospital/data=!4m7!3m6!1s0x3bd4c70c9e0aabc5:0xeb15191e352b5a7f!8m2!3d21.150817!4d79.1490961!16s%2Fg%2F1q65x1ygb!19sChIJxasKngzH1DsRf1orNR4ZFes?authuser=0&hl=en&rclk=1
Sawarkar Multispeciality Hospital And Mahendras Health Retreat,3.0,2,093731 0929,General hospital  44V5+RF5 Khadi Gramudyog Bhavan First Floor Gandhi Sagar Tilak Putla MahalOpen,,,https://www.google.com/maps/place/Sawarkar+Multispeciality+Hospital+And+Mahendras+Health+Retreat/data=!4m7!3m6!1s0x3bd4c0b53bc6b07f:0x8d59a7eb9af17d88!8m2!3d21.1445236!4d79.1087416!16s%2Fg%2F11gdk_08x5!19sChIJf7DGO7XA1DsRiH3xmuunWY0?authuser=0&hl=en&rclk=1
Sartaj Hospital Phukatnagar,5.0,1,,,,,https://www.google.com/maps/place/Sartaj+Hospital+Phukatnagar/data=!4m7!3m6!1s0x3bd4c72087cfe0e9:0x7248db71e521df0c!8m2!3d21.1705471!4d79.1293143!16s%2Fg%2F11f0ky04fv!19sChIJ6eDPhyDH1DsRDN8h5XHbSHI?authuser=0&hl=en&rclk=1
K.M.G Hospital,4.2,25,,,,,https://www.google.com/maps/place/K.M.G+Hospital/data=!4m7!3m6!1s0x3bd4bf55d3f36709:0x5c214e204256e8ca!8m2!3d21.1198678!4d79.1045441!16s%2Fg%2F1q675ddbr!19sChIJCWfz01W_1DsRyuhWQiBOIVw?authuser=0&hl=en&rclk=1
Super Hospital,2.7,9,,,,,https://www.google.com/maps/place/Super+Hospital/data=!4m7!3m6!1s0x3bd4c0977d953c75:0x2a74b9604278f272!8m2!3d21.1328851!4d79.084034!16s%2Fg%2F1q69q16bc!19sChIJdTyVfZfA1DsRcvJ4QmC5dCo?authuser=0&hl=en&rclk=1
Lata Mangeshkar Hospital,4.1,672,712 253 0347,General hospital  YMCA Complex Maharajbagh RdClosed ⋅ Opens 10 am Sat,0712 253 0347,http://lmhbuldi.com/,https://www.google.com/maps/place/Lata+Mangeshkar+Hospital/data=!4m7!3m6!1s0x3bd4c0ecb65aaaab:0x53391e41f3f78fa9!8m2!3d21.1450255!4d79.0801726!16s%2Fg%2F1th26vv5!19sChIJq6patuzA1DsRqY_380EeOVM?authuser=0&hl=en&rclk=1
"Max Super Speciality Hospital, Nagpur",4.1,"2,064",712 712 0000,Hospital  232 Mankapur Koradi RdOpen,,https://www.maxhealthcare.in/hospital-network/max-super-speciality-hospital-nagpur,"https://www.google.com/maps/place/Max+Super+Speciality+Hospital,+Nagpur/data=!4m7!3m6!1s0x3bd4c113d847dcbf:0x7fd062d82b6be17c!8m2!3d21.1857573!4d79.0795349!16s%2Fg%2F11cn17yg58!19sChIJv9xH2BPB1DsRfOFrK9hi0H8?authuser=0&hl=en&rclk=1"
Seva Multispeciality Hospital,5.0,3,093732 1577,Private hospital ,66 B,,https://www.google.com/maps/place/Seva+Multispeciality+Hospital/data=!4m7!3m6!1s0x3bd4c12a09178f29:0x3dfa0ee072cdfa2e!8m2!3d21.1331385!4d79.0838469!16s%2Fg%2F11t5lgy0c3!19sChIJKY8XCSrB1DsRLvrNcuAO-j0?authuser=0&hl=en&rclk=1
Hari Om Medical Kharbi Road,4.5,4,,,,,https://www.google.com/maps/place/Hari+Om+Medical+Kharbi+Road/data=!4m7!3m6!1s0x3bd4c75fabaaaaab:0xde543d5d528f87fd!8m2!3d21.1269315!4d79.1295894!16s%2Fg%2F11hczd8m3b!19sChIJq6qqq1_H1DsR_YePUl09VN4?authuser=0&hl=en&rclk=1
YES Hospital,4.0,84,,General hospital  Plot no 1 & 1A Dighori Flyover SquareOpen,,http://yeshospital.in/,https://www.google.com/maps/place/YES+Hospital/data=!4m7!3m6!1s0x3bd4b8a2cffccb3d:0x532e119e09e24037!8m2!3d21.1130401!4d79.1301913!16s%2Fg%2F11c6_wx4pc!19sChIJPcv8z6K41DsRN0DiCZ4RLlM?authuser=0&hl=en&rclk=1
Kunal Hospital,3.0,241,093264 1935,General hospital  Koradi Road Mankapur ChowkOpen,,http://www.kunalhospital.com/,https://www.google.com/maps/place/Kunal+Hospital/data=!4m7!3m6!1s0x3bd4c113daff952f:0x2f8bbad48d60bf16!8m2!3d21.1835933!4d79.0791999!16s%2Fg%2F1w0h5zpt!19sChIJL5X_2hPB1DsRFr9gjdS6iy8?authuser=0&hl=en&rclk=1
Hutatma Smarak Chikitsa Kendra,4.0,1,094225 3594,General hospital 43VX+R2CClosed ⋅ Opens 9 am Sat,094225 35947,,https://www.google.com/maps/place/Hutatma+Smarak+Chikitsa+Kendra/data=!4m7!3m6!1s0x3bd4c1ae05c7ea09:0x44d31749c2869634!8m2!3d21.1445682!4d79.0975206!16s%2Fg%2F11gy636r9t!19sChIJCerHBa7B1DsRNJaGwkkX00Q?authuser=0&hl=en&rclk=1
Suryodaya Hospital multispeciality hospital,2.3,20,086000 0250,Hospital  plot no27Open,,,https://www.google.com/maps/place/Suryodaya+Hospital+multispeciality+hospital/data=!4m7!3m6!1s0x3bd4c7d1281c8e2b:0xcfa03573d25e5455!8m2!3d21.1240874!4d79.117002!16s%2Fg%2F11gjtp9ts1!19sChIJK44cKNHH1DsRVVRe0nM1oM8?authuser=0&hl=en&rclk=1
Rughwani Child Care Centre And Multi-Speciality Hospital - Children Hospital / Multispecialty / 24*7 hospital in Nagpur,4.4,127,712 264 3192,,7 hospital in Nagpur 4,,https://www.google.com/maps/place/Rughwani+Child+Care+Centre+And+Multi-Speciality+Hospital+-+Children+Hospital+%2F+Multispecialty+%2F+24*7+hospital+in+Nagpur/data=!4m7!3m6!1s0x3bd4c122bfffffff:0xdfa3f190bf8a357!8m2!3d21.1824437!4d79.0929839!16s%2Fg%2F1tk8m135!19sChIJ____vyLB1DsRV6P4Cxk_-g0?authuser=0&hl=en&rclk=1
Vivek Hospital,3.0,2,074474 4146,General hospital plot no 133 e W High Ct Rd,074474 41468,,https://www.google.com/maps/place/Vivek+Hospital/data=!4m7!3m6!1s0x3bd4c063b82179f5:0x3804bba8bb4febe4!8m2!3d21.135814!4d79.060955!16s%2Fg%2F11t6jt0myj!19sChIJ9XkhuGPA1DsR5OtPu6i7BDg?authuser=0&hl=en&rclk=1
Dr. G.M. Taori Central India Institute of Medical Sciences,3.7,657,712 668 7777,General hospital  88 2Open,,http://www.ciimsnagpur.com/,https://www.google.com/maps/place/Dr.+G.M.+Taori+Central+India+Institute+of+Medical+Sciences/data=!4m7!3m6!1s0x3bd4c07cff438401:0x51e88d23b267616a!8m2!3d21.1285562!4d79.0612479!16s%2Fg%2F1vhkh_p5!19sChIJAYRD_3zA1DsRamFnsiON6FE?authuser=0&hl=en&rclk=1
Shubham Nursing Home,4.7,49,098230 9220,General hospital  1st floor Katol Road Chhaoni RdClosed ⋅ Opens 8 am Sat,098230 92208,http://www.shubhamnursinghome.co.in/,https://www.google.com/maps/place/Shubham+Nursing+Home/data=!4m7!3m6!1s0x3bd4c1011a9d5707:0x33aac531bb3abbae!8m2!3d21.1691963!4d79.0775755!16s%2Fg%2F1tj4x4vn!19sChIJB1edGgHB1DsRrrs6uzHFqjM?authuser=0&hl=en&rclk=1
Junankar Hospital Nagpur,4.8,288,077750 3997,General hospital JP Chambers Ambardekar Sankul S Ambazari Rd near Dominos PizzaOpen ⋅ Closes 12 am,077750 39977,http://www.junankarhospital.com/,https://www.google.com/maps/place/Junankar+Hospital+Nagpur/data=!4m7!3m6!1s0x3bd4c0c011f8b8d1:0x5eecca541316b28!8m2!3d21.1229492!4d79.0570904!16s%2Fg%2F1v2gc677!19sChIJ0bj4EcDA1DsRKGsxQaXM7gU?authuser=0&hl=en&rclk=1
Keshav Hospital,3.8,170,073873 9111,General hospital  no 2 117 Manewada RdOpen,,http://www.keshvahospitals.com/,https://www.google.com/maps/place/Keshav+Hospital/data=!4m7!3m6!1s0x3bd4bf4c0102179b:0xd2083ca7a5c7a570!8m2!3d21.1052371!4d79.1041148!16s%2Fg%2F1hdyx30ws!19sChIJmxcCAUy_1DsRcKXHpac8CNI?authuser=0&hl=en&rclk=1
Felix MEDICOS,,,,,,,https://www.google.com/maps/place/Felix+MEDICOS/data=!4m7!3m6!1s0x3bd4c700704b6151:0x54d2c79720b0038c!8m2!3d21.1450681!4d79.1220998!16s%2Fg%2F11vwgkg18d!19sChIJUWFLcADH1DsRjAOwIJfH0lQ?authuser=0&hl=en&rclk=1
Shridha Hospital and Research Institute,4.7,41,093735 1058,Hospital  C/O Wardha Rd next to Bank of MaharashtraOpen,,,https://www.google.com/maps/place/Shridha+Hospital+and+Research+Institute/data=!4m7!3m6!1s0x3bd4bf0046f83901:0x4d20542b7b4b797a!8m2!3d21.1174934!4d79.0724625!16s%2Fg%2F11vkb441w_!19sChIJATn4RgC_1DsRenlLeytUIE0?authuser=0&hl=en&rclk=1
आंबटकर नर्सिंग होम ॲन्ड पाईल्स हॉस्पिटल,,,,,,,https://www.google.com/maps/place/%E0%A4%86%E0%A4%82%E0%A4%AC%E0%A4%9F%E0%A4%95%E0%A4%B0+%E0%A4%A8%E0%A4%B0%E0%A5%8D%E0%A4%B8%E0%A4%BF%E0%A4%82%E0%A4%97+%E0%A4%B9%E0%A5%8B%E0%A4%AE+%E0%A5%B2%E0%A4%A8%E0%A5%8D%E0%A4%A1+%E0%A4%AA%E0%A4%BE%E0%A4%88%E0%A4%B2%E0%A5%8D%E0%A4%B8+%E0%A4%B9%E0%A5%89%E0%A4%B8%E0%A5%8D%E0%A4%AA%E0%A4%BF%E0%A4%9F%E0%A4%B2/data=!4m7!3m6!1s0x3bd4c0aa0a4d6c23:0xb2b907720da2a9b9!8m2!3d21.1227896!4d79.1052301!16s%2Fg%2F11ssxgy9fh!19sChIJI2xNCqrA1DsRuamiDXIHubI?authuser=0&hl=en&rclk=1
Hospital Dr. Deeksha Sahu,,,,,,,https://www.google.com/maps/place/Hospital+Dr.+Deeksha+Sahu/data=!4m7!3m6!1s0x3bd4c73660839f3b:0x8b1e27db41e033ae!8m2!3d21.1567508!4d79.1718075!16s%2Fg%2F11y1x0t__8!19sChIJO5-DYDbH1DsRrjPgQdsnHos?authuser=0&hl=en&rclk=1
Sneh Multispeciality Hospital,4.5,4,084461 1175,Hospital  Plot no 2 Manewada RdOpen,,,https://www.google.com/maps/place/Sneh+Multispeciality+Hospital/data=!4m7!3m6!1s0x3bd4bfd75cac3bc5:0xeb81afea986eb372!8m2!3d21.1094355!4d79.10376!16s%2Fg%2F11ptz_ghs8!19sChIJxTusXNe_1DsRcrNumOqvges?authuser=0&hl=en&rclk=1
Bokad Hospital,3.9,11,093401 3348,General hospital  Krishnakunj Plot No 86 Shastri Layout Khamla Road Shastri Layout,093401 33489,,https://www.google.com/maps/place/Bokad+Hospital/data=!4m7!3m6!1s0x3bd4c0c011f8b8d1:0xba1423ab9ac4920!8m2!3d21.1084793!4d79.0613144!16s%2Fg%2F1td79m5f!19sChIJ0bj4EcDA1DsRIEmsuTpCoQs?authuser=0&hl=en&rclk=1
Kalpavruksha Multispeciality Hospital In Nagpur- Best Neurology Hospital in Nagpur | Best Critical Care Hospital in Nagpur,3.2,128,712 225 2118,Hospital  Plot No 87 Near Pragati Sabhagruh Kanphade Nagar Ring Road 440015Open,,https://kalpavrukshahospital.com/,https://www.google.com/maps/place/Kalpavruksha+Multispeciality+Hospital+In+Nagpur-+Best+Neurology+Hospital+in+Nagpur+%7C+Best+Critical+Care+Hospital+in+Nagpur/data=!4m7!3m6!1s0x3bd4bf7a45d3b4d9:0x7fa93620a3f83c59!8m2!3d21.1107402!4d79.0720821!16s%2Fg%2F11cs3_32_h!19sChIJ2bTTRXq_1DsRWTz4oyA2qX8?authuser=0&hl=en&rclk=1
Wellcure Ployclinic,5.0,7,,,,,https://www.google.com/maps/place/Wellcure+Ployclinic/data=!4m7!3m6!1s0x3bd4c17b997d928d:0x7c994fdd353271b!8m2!3d21.1917864!4d79.0787593!16s%2Fg%2F11gpnj5yg2!19sChIJjZJ9mXvB1DsRGydT0_2UyQc?authuser=0&hl=en&rclk=1
Abhinav Clinic Vidya Nagar Nagpur,,,090214 9829,,090214 98299,,https://www.google.com/maps/place/Abhinav+Clinic+Vidya+Nagar+Nagpur/data=!4m7!3m6!1s0x3bd4c7669b09527f:0x1e6d5e554b6ebfa8!8m2!3d21.1326065!4d79.1374713!16s%2Fg%2F11f4qxcym3!19sChIJf1IJm2bH1DsRqL9uS1VebR4?authuser=0&hl=en&rclk=1
GB Multicare Hospital,3.0,73,712 222 2243,General hospital  Plot No 25 Hill Rd Beside Panchsheel VachanalayaOpen,,http://www.gbmulticare.com/,https://www.google.com/maps/place/GB+Multicare+Hospital/data=!4m7!3m6!1s0x3bd4c06fbef00cdd:0xe52f3ce964559e3e!8m2!3d21.1325343!4d79.0515903!16s%2Fg%2F1q6ct20s4!19sChIJ3Qzwvm_A1DsRPp5VZOk8L-U?authuser=0&hl=en&rclk=1
NAGRIK PRATHMIK AAROGY KENDRA Shende nagar,2.7,3,,,,,https://www.google.com/maps/place/NAGRIK+PRATHMIK+AAROGY+KENDRA+Shende+nagar/data=!4m7!3m6!1s0x3bd4c1014c579883:0x4d9d330d1c55d513!8m2!3d21.1794682!4d79.1065025!16s%2Fg%2F11fqgwtv2l!19sChIJg5hXTAHB1DsRE9VVHA0znU0?authuser=0&hl=en&rclk=1
SHRIYAS MULTISPECIALITY HOSPITAL,5.0,1,,,,,https://www.google.com/maps/place/SHRIYAS+MULTISPECIALITY+HOSPITAL/data=!4m7!3m6!1s0x3bd4c10c8340d74b:0x6d402eb8e11e678a!8m2!3d21.188595!4d79.0703296!16s%2Fg%2F11tf1brqf0!19sChIJS9dAgwzB1DsRimce4bguQG0?authuser=0&hl=en&rclk=1
Mangla M madavi clinic,,,,,,,https://www.google.com/maps/place/Mangla+M+madavi+clinic/data=!4m7!3m6!1s0x3bd4c7c72fcf611d:0xf871a0c139a4c0dd!8m2!3d21.1418907!4d79.1361935!16s%2Fg%2F11fqj5nm1r!19sChIJHWHPL8fH1DsR3cCkOcGgcfg?authuser=0&hl=en&rclk=1
Rashid dawakhna,,,,,,,https://www.google.com/maps/place/Rashid+dawakhna/data=!4m7!3m6!1s0x3bd4c1006360180f:0x8704bfd29feccd2c!8m2!3d21.1571427!4d79.0979997!16s%2Fg%2F11vwxtmbxz!19sChIJDxhgYwDB1DsRLM3sn9K_BIc?authuser=0&hl=en&rclk=1
Pushp Homeopathy Clinic,5.0,3,,,,,https://www.google.com/maps/place/Pushp+Homeopathy+Clinic/data=!4m7!3m6!1s0x3bd4c13b569d48f3:0x801d65b0b4a9890c!8m2!3d21.1809883!4d79.0929109!16s%2Fg%2F11gg97h8mw!19sChIJ80idVjvB1DsRDImptLBlHYA?authuser=0&hl=en&rclk=1
Utkarsha Nursing Home,4.2,81,084460 6413,General hospital 3 Jai Hind Society Near Kachore Lawn Manish Nagar Besa-Beltarodi RoadOpen,,,https://www.google.com/maps/place/Utkarsha+Nursing+Home/data=!4m7!3m6!1s0x3bd4bf0dce61cb95:0x56e667708b55c109!8m2!3d21.0910049!4d79.0767332!16s%2Fg%2F1q64t9350!19sChIJlcthzg2_1DsRCcFVi3Bn5lY?authuser=0&hl=en&rclk=1
Utkarsha Nursing Home,4.2,81,084460 6413,General hospital 3 Jai Hind Society Near Kachore Lawn Manish Nagar Besa-Beltarodi RoadOpen,,,https://www.google.com/maps/place/Utkarsha+Nursing+Home/data=!4m7!3m6!1s0x3bd4bf0dce61cb95:0x56e667708b55c109!8m2!3d21.0910049!4d79.0767332!16s%2Fg%2F1q64t9350!19sChIJlcthzg2_1DsRCcFVi3Bn5lY?authuser=0&hl=en&rclk=1
Hospital,5.0,2,,,,,https://www.google.com/maps/place/Hospital/data=!4m7!3m6!1s0x3bd4b8c6720d5e77:0xfe178f502f067031!8m2!3d21.0949792!4d79.1226594!16s%2Fg%2F11hbh6wmm7!19sChIJd14Ncsa41DsRMXAGL1CPF_4?authuser=0&hl=en&rclk=1
Dr. Ankita Giradkar Clinic.,5.0,1,,,,,https://www.google.com/maps/place/Dr.+Ankita+Giradkar+Clinic./data=!4m7!3m6!1s0x3bd4b88d6416621d:0xef880bf7059d920e!8m2!3d21.1034941!4d79.1440287!16s%2Fg%2F11fz235wtd!19sChIJHWIWZI241DsRDpKdBfcLiO8?authuser=0&hl=en&rclk=1
Dr Sangode Hospital,0.0,0,,,,,https://www.google.com/maps/place/Dr+Sangode+Hospital/data=!4m7!3m6!1s0x3bd4c1bd4d899fef:0x246dd5ccd7098a75!8m2!3d21.1863478!4d79.1094047!16s%2Fg%2F11nngvfx2s!19sChIJ75-JTb3B1DsRdYoJ18zVbSQ?authuser=0&hl=en&rclk=1
Sanjivani Swasthya Kendra,,,,,,,https://www.google.com/maps/place/Sanjivani+Swasthya+Kendra/data=!4m7!3m6!1s0x3bd4c10019cb843b:0x83a000a94acdd6d8!8m2!3d21.1835986!4d79.0864499!16s%2Fg%2F11vzbxg_80!19sChIJO4TLGQDB1DsR2NbNSqkAoIM?authuser=0&hl=en&rclk=1
CARNA Hospital | Best Cardiologist in Nagpur | Best Hospital in Nagpur | General Physician near me,4.9,40,090670 1834,Hospital  Plot No 91 Sector 27 New Khapri near Government Engineering College Behind Trupti Garden Hotel Wardha Road PunarvasanOpen,,https://carnahospital.com/,https://www.google.com/maps/place/CARNA+Hospital+%7C+Best+Cardiologist+in+Nagpur+%7C+Best+Hospital+in+Nagpur+%7C+General+Physician+near+me/data=!4m7!3m6!1s0x3bd4bf0483085f07:0xb66ae8493a363c35!8m2!3d21.0515446!4d79.0581677!16s%2Fg%2F11vdrpntyh!19sChIJB18IgwS_1DsRNTw2OknoarY?authuser=0&hl=en&rclk=1
Hospital,,,077199 9522,,077199 95228,,https://www.google.com/maps/place/Hospital/data=!4m7!3m6!1s0x3bd4bf10f950617d:0x1c83606012bdf8!8m2!3d21.1032021!4d79.1080015!16s%2Fg%2F11h423m3k5!19sChIJfWFQ-RC_1DsR-L0SYGCDHAA?authuser=0&hl=en&rclk=1
Medipoint Hospital,3.7,50,082088 9929,General hospital  near Kachore Lawn RoadClosed ⋅ Opens 10 am Sat,082088 99296,,https://www.google.com/maps/place/Medipoint+Hospital/data=!4m7!3m6!1s0x3bd4bf118112d70f:0x9c6880ebab3cc982!8m2!3d21.0911915!4d79.0785641!16s%2Fg%2F1q69m_9wx!19sChIJD9cSgRG_1DsRgsk8q-uAaJw?authuser=0&hl=en&rclk=1
Shree Vishwakumbh Ayurvedic Clinic & Panchakarma Center- Dr. Santosh Pusadkar,5.0,9,081492 1303,General hospital Khamla RdClosed ⋅ Opens 9 am Sat,081492 13037,http://vishwakumbhayurveda.com/,https://www.google.com/maps/place/Shree+Vishwakumbh+Ayurvedic+Clinic+%26+Panchakarma+Center-+Dr.+Santosh+Pusadkar/data=!4m7!3m6!1s0x3bd4bf3ef423e2b1:0x214f617d6730ca15!8m2!3d21.1147935!4d79.0675432!16s%2Fg%2F11vrvs8s38!19sChIJseIj9D6_1DsRFcowZ31hTyE?authuser=0&hl=en&rclk=1
Yetharth hospital,0.0,0,099700 0079,,099700 00798,,https://www.google.com/maps/place/Yetharth+hospital/data=!4m7!3m6!1s0x3bd4c74e5836202d:0xf5102cca64629e7!8m2!3d21.203005!4d79.1361103!16s%2Fg%2F11kr8rlksm!19sChIJLSA2WE7H1DsR5ylGpswCUQ8?authuser=0&hl=en&rclk=1
Prayag Hospital,3.5,98,,General hospital  DTDC - Deccan Gymkhana 1247 Jangali Maharaj RdOpen,,https://www.prayaghospital.org/,https://www.google.com/maps/place/Prayag+Hospital/data=!4m7!3m6!1s0x3bc2c07816deb80d:0xf8fe10f2947c8171!8m2!3d18.5174849!4d73.8427871!16s%2Fg%2F1tfg6385!19sChIJDbjeFnjAwjsRcYF8lPIQ_vg?authuser=0&hl=en&rclk=1
"Lata Mangeshkar Hospital, Digdoh",3.6,492,,General hospital  Hingna RdOpen,,https://nkpsims.in/lata-mangeshkar-hospital/,"https://www.google.com/maps/place/Lata+Mangeshkar+Hospital,+Digdoh/data=!4m7!3m6!1s0x3bd495460724c01f:0xbd2dd8b79c7881c5!8m2!3d21.101809!4d79.0029406!16s%2Fg%2F1q6j42x_l!19sChIJH8AkB0aV1DsRxYF4nLfYLb0?authuser=0&hl=en&rclk=1"
MCH MULTICARE HOSPITAL,4.3,7,,Hospital  733M+RP7Open,,,https://www.google.com/maps/place/MCH+MULTICARE+HOSPITAL/data=!4m7!3m6!1s0x3bd4c3a3b32a2d43:0x1c1bbbcccd8d4b97!8m2!3d21.2545436!4d79.0842828!16s%2Fg%2F11c7_x2hd6!19sChIJQy0qs6PD1DsRl0uNzcy7Gxw?authuser=0&hl=en&rclk=1
Deccan Hardikar Hospital.,4.5,"1,058",077740 6409,General hospital  1160/61 University RdOpen,,https://www.deccanhospital.in/,https://www.google.com/maps/place/Deccan+Hardikar+Hospital./data=!4m7!3m6!1s0x3bc2c080b5a1ac0b:0xdfdf8b393abef469!8m2!3d18.5304104!4d73.8474815!16zL20vMGJwZjhf!19sChIJC6yhtYDAwjsRafS-OjmL398?authuser=0&hl=en&rclk=1
Oasis Multispeciality Hospital,4.1,18,,General hospital  Ratnaprabha Emrald Near Mhada Kale-Pimple RoadWaghere 309 Pimpri - Pimple Saudagar RdOpen,,,https://www.google.com/maps/place/Oasis+Multispeciality+Hospital/data=!4m7!3m6!1s0x3bc2b8fb42cced49:0xf5732fd11f4d6286!8m2!3d18.6069678!4d73.8014222!16s%2Fg%2F11c0rc0182!19sChIJSe3MQvu4wjsRhmJNH9Evc_U?authuser=0&hl=en&rclk=1
Hinjawadi Hospital,3.0,116,072761 3252,General hospital  152/2/A-1 Muktangan Complex KPIT Chowk in front AXIS Bank Hinjawadi Marunji RdOpen,,,https://www.google.com/maps/place/Hinjawadi+Hospital/data=!4m7!3m6!1s0x3bc2bbc4a6f456d5:0x42a43c99961e4084!8m2!3d18.5950968!4d73.7349148!16s%2Fg%2F124sqtc56!19sChIJ1Vb0psS7wjsRhEAelpk8pEI?authuser=0&hl=en&rclk=1
Deenanath Mangeshkar Hospital and Research Center,3.9,"2,596",,General hospital  Deenanath Mangeshkar Hospital Road near Mhatre BridgeOpen,,https://www.dmhospital.org/,https://www.google.com/maps/place/Deenanath+Mangeshkar+Hospital+and+Research+Center/data=!4m7!3m6!1s0x3bc2bff340000001:0x89785750a9af6cf7!8m2!3d18.5018654!4d73.8327443!16s%2Fm%2F0vpl979!19sChIJAQAAQPO_wjsR92yvqVBXeIk?authuser=0&hl=en&rclk=1
Golden Care Hospital,4.4,648,084484 4486,General hospital  Bhumkar Shedge Wasti RoadOpen,,http://goldencare.in/,https://www.google.com/maps/place/Golden+Care+Hospital/data=!4m7!3m6!1s0x3bc2bbd7e16b79d7:0x761ee80b381cb318!8m2!3d18.6020272!4d73.7476805!16s%2Fg%2F11b7hjwts8!19sChIJ13lr4de7wjsRGLMcOAvoHnY?authuser=0&hl=en&rclk=1
Ujjwal Multispecialty Hospital,4.6,73,088054 8088,Hospital  10 Hingna Rd Electronic Zone Square Opposite Indian Oil Petrol Pump MIDC Hingna RdOpen,,,https://www.google.com/maps/place/Ujjwal+Multispecialty+Hospital/data=!4m7!3m6!1s0x3bd4953af8256399:0xc0e69022f1ceb850!8m2!3d21.1014129!4d78.9879441!16s%2Fg%2F11g6q1wq66!19sChIJmWMl-DqV1DsRULjO8SKQ5sA?authuser=0&hl=en&rclk=1
Aureus Clinic And Nursing Home,,,095615 9421,,722 aureus clinic and nursing home,,https://www.google.com/maps/place/Aureus+Clinic+And+Nursing+Home/data=!4m7!3m6!1s0x3bd4bf17baede435:0x35e3b78f526dffbe!8m2!3d21.0881469!4d79.0850256!16s%2Fg%2F11s7r29t58!19sChIJNeTtuhe_1DsRvv9tUo-34zU?authuser=0&hl=en&rclk=1
Kherde Clinic (Dr. Piyush Kherde),4.0,4,083291 8540,General hospital 4 Chandrabhaga Nagar Near Old Naka Hudkeshwar Road Nagpur 440034MaharashtraClosed ⋅ Opens 6:30 pm Sat,083291 85406,,https://www.google.com/maps/place/Kherde+Clinic+%28Dr.+Piyush+Kherde%29/data=!4m7!3m6!1s0x3bd4b9e525335c75:0xfcc89f6e26477683!8m2!3d21.0949495!4d79.122651!16s%2Fg%2F11hdr59x15!19sChIJdVwzJeW51DsRg3ZHJm6fyPw?authuser=0&hl=en&rclk=1
Orchid Speciality Hospital,3.9,727,075072 4724,General hospital  L-Square Off Dhanori Jakat Naka Sr No - 282/3/3 Porwal RdOpen,,http://www.orchidhospitalpune.in/,https://www.google.com/maps/place/Orchid+Speciality+Hospital/data=!4m7!3m6!1s0x3bc2c6c0ffcb1773:0x14c46264ebd4f180!8m2!3d18.6005617!4d73.9096967!16s%2Fg%2F11clspk3b3!19sChIJcxfL_8DGwjsRgPHU62RixBQ?authuser=0&hl=en&rclk=1
Sangvi MultiSpeciality Hospital,4.3,112,070306 4664,General hospital  Survey No 71/1/2/189City Survey No 2387Shirode Road Vinayak Nagar Ln No 2 near Krushna ChowkOpen,,http://sangvihospital.com/,https://www.google.com/maps/place/Sangvi+MultiSpeciality+Hospital/data=!4m7!3m6!1s0x3bc2b9110bc9b1d1:0xdd5acfb68ca581f6!8m2!3d18.5811268!4d73.8157769!16s%2Fg%2F11swpd8l4t!19sChIJ0bHJCxG5wjsR9oGljLbPWt0?authuser=0&hl=en&rclk=1
"Ranka Hospital - Mukund Nagar, Swargate, Pune",4.3,429,,General hospital  157 / 5 SS Dhage Rd near SwargateOpen,,http://www.rankahospital.com/,"https://www.google.com/maps/place/Ranka+Hospital+-+Mukund+Nagar,+Swargate,+Pune/data=!4m7!3m6!1s0x3bc2c019cf096e7d:0x17f047fb93e0a298!8m2!3d18.4949949!4d73.8617867!16s%2Fg%2F1tf9wwdj!19sChIJfW4JzxnAwjsRmKLgk_tH8Bc?authuser=0&hl=en&rclk=1"
Poona Hospital And Research Centre,3.1,665,,General hospital  27 near Alka TalkiesOpen,,http://www.poonahospital.org/,https://www.google.com/maps/place/Poona+Hospital+And+Research+Centre/data=!4m7!3m6!1s0x3bc2c075f909f913:0x54d12ea7498c2ebe!8m2!3d18.5111795!4d73.8422012!16s%2Fg%2F1tf8rk4k!19sChIJE_kJ-XXAwjsRvi6MSacu0VQ?authuser=0&hl=en&rclk=1
Moraya Hospital (Multi Speciality),4.4,175,093735 5791,General hospital  Gauri Apartments Pimple Gurav RdOpen,,http://www.morayahospitaldapodi.com/,https://www.google.com/maps/place/Moraya+Hospital+%28Multi+Speciality%29/data=!4m7!3m6!1s0x3bc2b8afbfffffff:0xca2dcd10b2d13b87!8m2!3d18.5821511!4d73.828627!16s%2Fg%2F1trswftc!19sChIJ____v6-4wjsRhzvRshDNLco?authuser=0&hl=en&rclk=1
"Rural Hospital, Hingna",3.6,32,073786 7288,General hospital  3XF3+RVP MH SH 255Open,,,"https://www.google.com/maps/place/Rural+Hospital,+Hingna/data=!4m7!3m6!1s0x3bd494f2ff72aaf1:0x8311cf3949396f0f!8m2!3d21.0745853!4d78.9547045!16s%2Fg%2F124yb9sjw!19sChIJ8apy__KU1DsRD285STnPEYM?authuser=0&hl=en&rclk=1"
City Hospital,3.6,41,099213 5909,General hospital  Motiram Complex Paud Rd Opp Kachara DepotOpen,,,https://www.google.com/maps/place/City+Hospital/data=!4m7!3m6!1s0x3bc2bfb40e7b62fd:0xfd660c42f9d72022!8m2!3d18.5072286!4d73.7997657!16s%2Fg%2F1263pw3lp!19sChIJ_WJ7DrS_wjsRIiDX-UIMZv0?authuser=0&hl=en&rclk=1
Sanjeevani Multispeciality Hospital,4.2,435,092256 5125,General hospital  Shivaji Chowk / Hinjawadi Chowk Shivaji Chowk Hinjawadi Rd above IDBI BankOpen,,http://sanjeevanimultispecialityhospitalpune.com/,https://www.google.com/maps/place/Sanjeevani+Multispeciality+Hospital/data=!4m7!3m6!1s0x3bc2bbddada15223:0x8dce8701c18c9147!8m2!3d18.5913704!4d73.7396026!16s%2Fg%2F124sw4y9_!19sChIJI1Khrd27wjsRR5GMwQGHzo0?authuser=0&hl=en&rclk=1
Samarth Hospital,4.2,16,,General hospital  Survey No 1486 Ganesh Rd near Daruwala BridgeOpen,,,https://www.google.com/maps/place/Samarth+Hospital/data=!4m7!3m6!1s0x3bc2c06619a149ed:0xc0bd9a9abf6931d1!8m2!3d18.5197015!4d73.8623454!16s%2Fg%2F1262gmmv7!19sChIJ7UmhGWbAwjsR0TFpv5qavcA?authuser=0&hl=en&rclk=1
"Seva Hospital ( Piles, Maternity & Surgical Hospital )",4.5,99,091306 3879,General hospital  Seva Hospital Lane Number 4Open,,http://www.sevahospital.in/,"https://www.google.com/maps/place/Seva+Hospital+%28+Piles,+Maternity+%26+Surgical+Hospital+%29/data=!4m7!3m6!1s0x3bc2bf4abfffffff:0xe7dd58d944fd8762!8m2!3d18.5748413!4d73.8276719!16s%2Fg%2F1tdk__z_!19sChIJ____v0q_wjsRYof9RNlY3ec?authuser=0&hl=en&rclk=1"
Phoenix Hospital,4.5,"1,341",075175 1003,General hospital  Aundh Dange Chowk Road opp Rythem society near Kalewadi PhataOpen,,https://phoenix-hospital.in/,https://www.google.com/maps/place/Phoenix+Hospital/data=!4m7!3m6!1s0x3bc2b911faef6fa5:0xcb699b6af2961027!8m2!3d18.6046541!4d73.7761357!16s%2Fg%2F11c586ym3v!19sChIJpW_v-hG5wjsRJxCW8mqbacs?authuser=0&hl=en&rclk=1
Global Hospital & Research Institute,4.2,463,,General hospital  577/2 Dattawadi Rd off Sinhgad Road near DattawadiOpen,,,https://www.google.com/maps/place/Global+Hospital+%26+Research+Institute/data=!4m7!3m6!1s0x3bc2bff596c6d26b:0x1f6744f41b70df3d!8m2!3d18.5013183!4d73.8410225!16s%2Fg%2F12hld5885!19sChIJa9LGlvW_wjsRPd9wG_REZx8?authuser=0&hl=en&rclk=1
Jehangir Hospital,4.6,"9,153",,General hospital  32 Sasoon Rd opposite Railway StationOpen,,http://www.jehangirhospital.com/,https://www.google.com/maps/place/Jehangir+Hospital/data=!4m7!3m6!1s0x3bc2c05816d29283:0xfe98c3452724e113!8m2!3d18.5303448!4d73.8767266!16s%2Fm%2F09v3j2y!19sChIJg5LSFljAwjsRE-EkJ0XDmP4?authuser=0&hl=en&rclk=1
Hariom Multispeciality Hospital & Research Centre,,,099700 5888,,099700 58881,,https://www.google.com/maps/place/Hariom+Multispeciality+Hospital+%26+Research+Centre/data=!4m7!3m6!1s0x3bd4c7366fdba58f:0x4dc98736676d0197!8m2!3d21.1489557!4d79.1160825!16s%2Fg%2F1tgn35pt!19sChIJj6XbbzbH1DsRlwFtZzaHyU0?authuser=0&hl=en&rclk=1
Suyog Hospital,4.6,99,084215 8275,General hospital  JRJC+9F8 Rajhans Old Telco RdOpen,,,https://www.google.com/maps/place/Suyog+Hospital/data=!4m7!3m6!1s0x3bc2b8687dac4c8d:0x9eb43d681902f0cd!8m2!3d18.6309172!4d73.8212023!16s%2Fg%2F1pp2x5_73!19sChIJjUysfWi4wjsRzfACGWg9tJ4?authuser=0&hl=en&rclk=1
Shankarrao Dhondiba Sutar Multi-speciality Hospital,3.7,204,,General hospital  GR35+F4F Shastri Nagar RdOpen,,,https://www.google.com/maps/place/Shankarrao+Dhondiba+Sutar+Multi-speciality+Hospital/data=!4m7!3m6!1s0x3bc2bfb816788b11:0xa78e2fd367ce6fab!8m2!3d18.5036787!4d73.8077848!16s%2Fg%2F1tf_r9xt!19sChIJEYt4Fri_wjsRq2_OZ9Mvjqc?authuser=0&hl=en&rclk=1
Serene Hospital,3.9,94,073879 4888,General hospital  HVCJ+2W9 Sainik Nagar VishrantwadiOpen,,,https://www.google.com/maps/place/Serene+Hospital/data=!4m7!3m6!1s0x3bc2c0d12583788b:0xdf0059e54abc9e1d!8m2!3d18.5700481!4d73.8823446!16s%2Fg%2F1tgpwn7b!19sChIJi3iDJdHAwjsRHZ68SuVZAN8?authuser=0&hl=en&rclk=1
"Manipal Hospital, Kharadi - Pune",4.6,"9,179",,General hospital  22/2A Mundhwa - Kharadi Rd near Nyati EmpireOpen,,https://www.manipalhospitals.com/kharadi/,"https://www.google.com/maps/place/Manipal+Hospital,+Kharadi+-+Pune/data=!4m7!3m6!1s0x3bc2c17e1f71097f:0xb8128b27d5b8e139!8m2!3d18.5410783!4d73.935716!16s%2Fg%2F11xbgjn8z!19sChIJfwlxH37BwjsROeG41SeLErg?authuser=0&hl=en&rclk=1"
Dr. Mulay Super Speciality Hospital,4.9,18,082080 6875,General hospital  B T Bhagwan Tatyasaheb Kawade RdCloses soon ⋅ 11 pm ⋅ Opens 8 am Sat,082080 68750,https://book.healthplix.com/dr-abhirudra-mulay-urologist-pune-pune?utm_source=gmb_cta&hl=en-IN&gei=GCQAZ9nHPKvL0-kP0P-9mAc&rwg_token=AJKvS9UwR25_XJGWMthqxt-FCdfUICDsKg7GvHXrv3H68ATxsoedk4D3Jf9R3uewoLwi91zpDWMNJHtNy4jYd4YS_158J0hWXw%3D%3D,https://www.google.com/maps/place/Dr.+Mulay+Super+Speciality+Hospital/data=!4m7!3m6!1s0x3bc2c1c0d1aa77f9:0xd979ebc52545d292!8m2!3d18.5088729!4d73.9073652!16s%2Fg%2F11sb6prpgk!19sChIJ-Xeq0cDBwjsRktJFJcXredk?authuser=0&hl=en&rclk=1
Aundh Institute of Medical Sciences,3.3,259,,General hospital  Survey No 154 AIMS Rd Near AIMS SquareOpen,,http://aimspune.com/,https://www.google.com/maps/place/Aundh+Institute+of+Medical+Sciences/data=!4m7!3m6!1s0x3bc2bf36b513fe95:0xc2bcc3ba3728528a!8m2!3d18.5629385!4d73.8099508!16s%2Fg%2F1tl4bg_z!19sChIJlf4TtTa_wjsRilIoN7rDvMI?authuser=0&hl=en&rclk=1
KEM Hospital,3.7,"1,280",,General hospital  489 Mudaliar RdOpen,,https://kemhospitalpune.org/,https://www.google.com/maps/place/KEM+Hospital/data=!4m7!3m6!1s0x3bc2c067a2fd93e1:0x1d019a52420f9b1b!8m2!3d18.5199723!4d73.8669765!16s%2Fg%2F11g7ny2wz1!19sChIJ4ZP9omfAwjsRG5sPQlKaAR0?authuser=0&hl=en&rclk=1
Aditya Hospital,4.0,25,090754 7191,General hospital HRP7+GCXOpen,,http://www.adityabirlahospital.com/,https://www.google.com/maps/place/Aditya+Hospital/data=!4m7!3m6!1s0x3bc2b8c661a06915:0xaf4717b8f4129d22!8m2!3d18.5863743!4d73.8135985!16s%2Fg%2F11clzqq1qg!19sChIJFWmgYca4wjsRIp0S9LgXR68?authuser=0&hl=en&rclk=1
Yashasvi Hospital,4.9,48,,General hospital  Sr No42 Lane No 1 near Hotel RatnadeepOpen,,,https://www.google.com/maps/place/Yashasvi+Hospital/data=!4m7!3m6!1s0x3bc2e96ece484dc5:0x892c0af359b3ed2!8m2!3d18.4843984!4d73.9393625!16s%2Fg%2F11rjb_zcyb!19sChIJxU1Izm7pwjsR0j6bNa_Akgg?authuser=0&hl=en&rclk=1
"Sahyadri Super Speciality Hospital, Deccan Gymkhana, Pune",4.6,"10,881",088888 2222,General hospital  Plot No 30-C Karve RdOpen,,https://sahyadrihospital.com/deccan/,"https://www.google.com/maps/place/Sahyadri+Super+Speciality+Hospital,+Deccan+Gymkhana,+Pune/data=!4m7!3m6!1s0x3bc2bf89a5c2551f:0xe5a1afe1c6049f8b!8m2!3d18.5130079!4d73.8393427!16s%2Fg%2F1td2xx_w!19sChIJH1XCpYm_wjsRi58ExuGvoeU?authuser=0&hl=en&rclk=1"
Kulkarni hospital and diagnostic centre,4.0,46,,General hospital  125/B Tirupati Nagar road Dr Ambedkar Chowk near Universal officeOpen,,,https://www.google.com/maps/place/Kulkarni+hospital+and+diagnostic+centre/data=!4m7!3m6!1s0x3bc2be2cffffffff:0xe1d5788957267d57!8m2!3d18.4846733!4d73.8094545!16s%2Fg%2F1tdbcw9v!19sChIJ_____yy-wjsRV30mV4l41eE?authuser=0&hl=en&rclk=1
Vishwaraj Hospital,4.5,13,,General hospital  No 124 Paud RdOpen,,http://vishwarajhospital.com/,https://www.google.com/maps/place/Vishwaraj+Hospital/data=!4m7!3m6!1s0x3bc2bf95958be363:0x4786904a1beabfe2!8m2!3d18.5076536!4d73.8198312!16s%2Fg%2F11rgh77_qd!19sChIJY-OLlZW_wjsR4r_qG0qQhkc?authuser=0&hl=en&rclk=1
Dr.Nilapwar Hospital & ICU(DNH),4.8,325,099607 8390,General hospital  th floor Kate square building,1 st,,https://www.google.com/maps/place/Dr.Nilapwar+Hospital+%26+ICU%28DNH%29/data=!4m7!3m6!1s0x3bc2b8c7daa6de09:0xe5faa6e981dee191!8m2!3d18.5852448!4d73.816328!16s%2Fg%2F11kjgbr5s5!19sChIJCd6m2se4wjsRkeHegemm-uU?authuser=0&hl=en&rclk=1
B. J. Government Medical College & Sassoon General Hospital,4.7,3,,,,http://yellowfeverbjgmc.org/,https://www.google.com/maps/place/B.+J.+Government+Medical+College+%26+Sassoon+General+Hospital/data=!4m7!3m6!1s0x3bc2c05d7f9f59e9:0x477d3d3d49b42db5!8m2!3d18.521967!4d73.8655687!16s%2Fg%2F11s1y1c2yq!19sChIJ6Vmff13AwjsRtS20ST09fUc?authuser=0&hl=en&rclk=1
Deoyani Multi Speciality Hospital,4.0,337,,General hospital  Plot No 121 Lane Number 4Open,,http://www.deoyanihospital.com/,https://www.google.com/maps/place/Deoyani+Multi+Speciality+Hospital/data=!4m7!3m6!1s0x3bc2bfc40aab9c01:0xcb0b3c74837f4eed!8m2!3d18.4958852!4d73.8125462!16s%2Fg%2F1jkxz52qr!19sChIJAZyrCsS_wjsR7U5_g3Q8C8s?authuser=0&hl=en&rclk=1
Pentagon Hospital,4.8,33,,General hospital  Laxmi Chowk Road Chowk near Maruti MandirOpen,,,https://www.google.com/maps/place/Pentagon+Hospital/data=!4m7!3m6!1s0x3bc2b90039962697:0xdb8c544ef3d08e5b!8m2!3d18.6042264!4d73.7498942!16s%2Fg%2F11y395glfs!19sChIJlyaWOQC5wjsRW47Q805UjNs?authuser=0&hl=en&rclk=1
Hirkani Speciality Hospital,4.7,219,070307 5775,General hospital  3rd Floor Phuge Prima Mall Pune - Nashik HwyOpen,,,https://www.google.com/maps/place/Hirkani+Speciality+Hospital/data=!4m7!3m6!1s0x3bc2c7748bef3161:0x25190be425639559!8m2!3d18.6209243!4d73.8515245!16s%2Fg%2F11tsht2r98!19sChIJYTHvi3THwjsRWZVjJeQLGSU?authuser=0&hl=en&rclk=1
Inamdar Multispeciality Hospital,4.6,"3,500",,General hospital  building s No Inamdar Hospital 15 Vitthal Rao Shivarkar RdOpen,,https://www.inamdarhospital.com/,https://www.google.com/maps/place/Inamdar+Multispeciality+Hospital/data=!4m7!3m6!1s0x3bc2c1cf5d78ff29:0x6e14191df5a0bb13!8m2!3d18.5034714!4d73.9000482!16s%2Fg%2F1hdz4jtmw!19sChIJKf94Xc_BwjsRE7ug9R0ZFG4?authuser=0&hl=en&rclk=1
Pooja Hospital,3.8,56,098221 8680,General hospital  Survey no 43/1/1 Anand Park Dapodi RdCloses soon ⋅ 11 pm ⋅ Opens 11 am Sat,098221 86805,,https://www.google.com/maps/place/Pooja+Hospital/data=!4m7!3m6!1s0x3bc2b8c6ffffffff:0xe79e13f3cfe97e9f!8m2!3d18.5891737!4d73.8191366!16s%2Fg%2F1tvt8t2h!19sChIJ_____8a4wjsRn37pz_MTnuc?authuser=0&hl=en&rclk=1
Ayushree Hospital,3.6,13,253 232 2100,General hospital  JP77+6M4 Near Z P SchoolCloses soon ⋅ 11:30 pm ⋅ Opens 12 am Sat,0253 232 2100,,https://www.google.com/maps/place/Ayushree+Hospital/data=!4m7!3m6!1s0x3bc2ba4da312f2fb:0xabb3cada4850ae19!8m2!3d18.6130164!4d73.7142148!16s%2Fg%2F11xkv9640!19sChIJ-_ISo026wjsRGa5QSNrKs6s?authuser=0&hl=en&rclk=1
Surya Sahyadri Hospital,4.3,512,,General hospital  1317 Agarwal Rd Near Shaniwar WadaOpen,,https://sahyadrihospital.com/kasba-peth/,https://www.google.com/maps/place/Surya+Sahyadri+Hospital/data=!4m7!3m6!1s0x3bc2c064fce43b0b:0x86e0bac646a671ac!8m2!3d18.5214179!4d73.8558832!16s%2Fg%2F1tdwnjx3!19sChIJCzvk_GTAwjsRrHGmRsa64IY?authuser=0&hl=en&rclk=1
Lifepoint Multispecialty Hospital,4.0,"1,281",,General hospital  No 145 Sr Multispecialist hospital in PCMC 1 Mumbai Pune Bypass Rd Flyover near Sayaji HotelOpen,,https://www.lifepointhospital.in/,https://www.google.com/maps/place/Lifepoint+Multispecialty+Hospital/data=!4m7!3m6!1s0x3bc2b96448800943:0x38910b3bb525e459!8m2!3d18.5977296!4d73.7556352!16s%2Fg%2F11_v27dw9!19sChIJQwmASGS5wjsRWeQltTsLkTg?authuser=0&hl=en&rclk=1
Kotbagi Hospital,2.6,78,,General hospital  163 DP Rd Near DAV Public SchoolOpen,,http://www.kotbagihospital.org/,https://www.google.com/maps/place/Kotbagi+Hospital/data=!4m7!3m6!1s0x3bc2bfb6213c9ee3:0x3e5437fa5e43f77!8m2!3d18.5619325!4d73.8047899!16s%2Fg%2F1vv2qprr!19sChIJ4548Iba_wjsRdz_kpX9D5QM?authuser=0&hl=en&rclk=1
Bharadwaj Hospital,4.1,19,090289 7035,General hospital 2 Daga Layout Khadgaon RdClosed ⋅ Opens 11 am Sat,090289 70350,,https://www.google.com/maps/place/Bharadwaj+Hospital/data=!4m7!3m6!1s0x3bd4eaf55f864783:0xf94192ff1f2a5db1!8m2!3d21.1575476!4d79.0010795!16s%2Fg%2F11c6_fsq4r!19sChIJg0eGX_Xq1DsRsV0qH_-SQfk?authuser=0&hl=en&rclk=1
Shraddha Hospital,4.3,30,,General hospital 41 Tulshibagwale Colony Road Lakhshmi Nagar Sahakar Nagar 2 Parvati PaythaOpen,,,https://www.google.com/maps/place/Shraddha+Hospital/data=!4m7!3m6!1s0x3bc2c006f1a14503:0xec4395c40bfae9c9!8m2!3d18.4909427!4d73.8459266!16s%2Fg%2F1tq6hj9j!19sChIJA0Wh8QbAwjsRyen6C8SVQ-w?authuser=0&hl=en&rclk=1
Meditrina Institute of Medical Sciences - Best Multispeciality hospital in Nagpur,4.1,"1,198",712 666 9666,General hospital  Meditrina institute of medical science 278 Central Bazar RoadOpen,,https://meditrinainstitute.com/,https://www.google.com/maps/place/Meditrina+Institute+of+Medical+Sciences+-+Best+Multispeciality+hospital+in+Nagpur/data=!4m7!3m6!1s0x3bd4c091223e1f99:0x2cc9fc7f5fad3d0d!8m2!3d21.1330432!4d79.0712206!16s%2Fg%2F1tgwqqmy!19sChIJmR8-IpHA1DsRDT2tX3_8ySw?authuser=0&hl=en&rclk=1
NIMS Hospital - Top Multispeciality Hospital in Nagpur | Best Emergency Hospital in Nagpur,4.5,492,093561 9923,Hospital  13 1-A Khare Marg opposite balbharati officeOpen,,http://www.nimshospitalnagpur.com/,https://www.google.com/maps/place/NIMS+Hospital+-+Top+Multispeciality+Hospital+in+Nagpur+%7C+Best+Emergency+Hospital+in+Nagpur/data=!4m7!3m6!1s0x3bd4c11082d41b41:0x1526e1ea98170d8f!8m2!3d21.1360347!4d79.0801954!16s%2Fg%2F11fszdldmn!19sChIJQRvUghDB1DsRjw0XmOrhJhU?authuser=0&hl=en&rclk=1
"CARE Hospitals, Nagpur",4.6,"2,654",,Hospital  3 Farmland RdOpen,,https://www.carehospitals.com/hospitals/nagpur/,"https://www.google.com/maps/place/CARE+Hospitals,+Nagpur/data=!4m7!3m6!1s0x3bd4c1205274cc13:0xeac5a74bb47df23a!8m2!3d21.138545!4d79.0791634!16s%2Fg%2F1tfkp64l!19sChIJE8x0UiDB1DsROvJ9tEunxeo?authuser=0&hl=en&rclk=1"
KRIMS Hospitals,4.8,"4,443",712 245 1188,Hospital  275 Central Bazar RoadOpen,,http://www.krimshospitals.com/,https://www.google.com/maps/place/KRIMS+Hospitals/data=!4m7!3m6!1s0x3bd4c08f518efdb1:0x28a2645f87a6e91a!8m2!3d21.132815!4d79.070385!16s%2Fg%2F11f3v0zv3x!19sChIJsf2OUY_A1DsRGummh19koig?authuser=0&hl=en&rclk=1
New Health City Hospital & Research Centre,4.7,"1,652",077700 0239,Children's hospital  Panchvati Tower Wardha Rd beside The Hitvada Head OfficeOpen,,,https://www.google.com/maps/place/New+Health+City+Hospital+%26+Research+Centre/data=!4m7!3m6!1s0x3bd4c09057bb68af:0x89774bf52b1bbf5b!8m2!3d21.1328852!4d79.0778261!16s%2Fg%2F11c6cpxy6g!19sChIJr2i7V5DA1DsRW78bK_VLd4k?authuser=0&hl=en&rclk=1
Arneja Heart and Multispeciality Hospital | Best Hospital in Nagpur | Top Hospital in Nagpur | Leading Hospital,4.8,"2,887",712 666 1800,Heart hospital  Ramdaspeth Plot No 123 behind Somalwar High SchoolOpen,,https://www.arnejaheartinstitute.com/,https://www.google.com/maps/place/Arneja+Heart+and+Multispeciality+Hospital+%7C+Best+Hospital+in+Nagpur+%7C+Top+Hospital+in+Nagpur+%7C+Leading+Hospital/data=!4m7!3m6!1s0x3bd4c08fc9e16341:0xf838218dffedd309!8m2!3d21.1348874!4d79.0743251!16s%2Fg%2F1tcwv5ky!19sChIJQWPhyY_A1DsRCdPt_40hOPg?authuser=0&hl=en&rclk=1
Midas Multispeciality Hospital Pvt. Ltd.,3.9,"1,382",712 243 0511,General hospital  4th Floor Midas Heights 7 Central Bazar RoadOpen,,https://www.midashospital.com/,https://www.google.com/maps/place/Midas+Multispeciality+Hospital+Pvt.+Ltd./data=!4m7!3m6!1s0x3bd4c1d3c1a4b0c7:0x52e8a7c9b8eb6462!8m2!3d21.1339738!4d79.0755831!16s%2Fg%2F1v3kfz9b!19sChIJx7CkwdPB1DsRYmTruMmn6FI?authuser=0&hl=en&rclk=1
Dr. G.M. Taori Central India Institute of Medical Sciences,3.7,657,712 668 7777,General hospital  88 2Open,,http://www.ciimsnagpur.com/,https://www.google.com/maps/place/Dr.+G.M.+Taori+Central+India+Institute+of+Medical+Sciences/data=!4m7!3m6!1s0x3bd4c07cff438401:0x51e88d23b267616a!8m2!3d21.1285562!4d79.0612479!16s%2Fg%2F1vhkh_p5!19sChIJAYRD_3zA1DsRamFnsiON6FE?authuser=0&hl=en&rclk=1
Kalamkar Multispeciality Hospital & Research Institute Pvt. Ltd,4.5,123,,Hospital  3rd Floor,440010 Shriwardhan Complex,https://kalamkarhospitalngp.com/,https://www.google.com/maps/place/Kalamkar+Multispeciality+Hospital+%26+Research+Institute+Pvt.+Ltd/data=!4m7!3m6!1s0x3bd4c090454f0af9:0x979cdba94a90074b!8m2!3d21.1377792!4d79.0788912!16s%2Fg%2F1thw55n_!19sChIJ-QpPRZDA1DsRSweQSqnbnJc?authuser=0&hl=en&rclk=1
Nectar Critical Care Hospital,4.5,319,712 660 6660,Hospital  C/o Sushrut Hospital Central Bazar Road near somalwar high schoolOpen,,http://drmaheshsarda.com/,https://www.google.com/maps/place/Nectar+Critical+Care+Hospital/data=!4m7!3m6!1s0x3bd4c08fc4116eef:0x3b41b92ff93e9581!8m2!3d21.1343126!4d79.07513!16s%2Fg%2F11g6wz0cxf!19sChIJ724RxI_A1DsRgZU--S-5QTs?authuser=0&hl=en&rclk=1
Platina Heart Hospital,4.8,891,077989 0066,Heart hospital  Sitabuldi Commercial Complex Platina Heart Hospital 2nd & 3rd Floor Dhanashree Humpyard Rd near Hardeo HotelOpen,,https://www.platinahospital.com/,https://www.google.com/maps/place/Platina+Heart+Hospital/data=!4m7!3m6!1s0x3bd4c095bf423a7d:0x165570a6b2e165a1!8m2!3d21.1405408!4d79.0854237!16s%2Fg%2F124srdjmz!19sChIJfTpCv5XA1DsRoWXhsqZwVRY?authuser=0&hl=en&rclk=1
Varunam Superspeciality Hospital,4.7,200,074477 9900,General hospital  Aditya Enclave 20-A Central Bazar Road Opposite Somalwar High SchoolOpen,,https://www.varunamhospital.com/,https://www.google.com/maps/place/Varunam+Superspeciality+Hospital/data=!4m7!3m6!1s0x3bd4c1e1341f9e15:0x9951d32a46957a77!8m2!3d21.1336848!4d79.07459!16s%2Fg%2F12633pgdb!19sChIJFZ4fNOHB1DsRd3qVRirTUZk?authuser=0&hl=en&rclk=1
Cardion Hospital,4.8,140,099226 4666,Hospital  Plot No 13 Near Dinanath High School Khare Marg & Tikekar RdOpen,,https://cardion.in/,https://www.google.com/maps/place/Cardion+Hospital/data=!4m7!3m6!1s0x3bd4c1c49573c52d:0x5d1d2461788e7af!8m2!3d21.1350451!4d79.0832712!16s%2Fg%2F11rcy4zjhp!19sChIJLcVzlcTB1DsRr-eIF0bS0QU?authuser=0&hl=en&rclk=1
Vedanta Super Speciality Hospital | Dr.Ravindra Sawarkar | Dr.Prithviraj Nistane | Dr.Prasad Upganlawar,4.8,353,712 299 9962,Hospital  First floor shree Radhey Heights Opposite Neeti-Gaurav ComplexOpen,,http://vedantahospitalnagpur.com/,https://www.google.com/maps/place/Vedanta+Super+Speciality+Hospital+%7C+Dr.Ravindra+Sawarkar+%7C+Dr.Prithviraj+Nistane+%7C+Dr.Prasad+Upganlawar/data=!4m7!3m6!1s0x3bd4c100f29d820f:0x1e740fd3cfd1a30e!8m2!3d21.1347623!4d79.077426!16s%2Fg%2F11p0gtj2s1!19sChIJD4Kd8gDB1DsRDqPRz9MPdB4?authuser=0&hl=en&rclk=1
Shrikrishna Hrudayalaya And Critical Care Center,4.5,667,712 244 2136,Hospital  Tikekar RdOpen,,http://www.shrikrishnahrudayalaya.com/,https://www.google.com/maps/place/Shrikrishna+Hrudayalaya+And+Critical+Care+Center/data=!4m7!3m6!1s0x3bd4c09990c55921:0x7964e254adf0eeda!8m2!3d21.131004!4d79.0822335!16s%2Fg%2F1thq3rll!19sChIJIVnFkJnA1DsR2u7wrVTiZHk?authuser=0&hl=en&rclk=1
Suretech Hospital,4.4,825,091122 2224,General hospital  13A Banerjee MargOpen,,https://shrcl.in/,https://www.google.com/maps/place/Suretech+Hospital/data=!4m7!3m6!1s0x3bd4c0c011f8b8d1:0xdc284dc34b997b53!8m2!3d21.1372876!4d79.0799918!16s%2Fg%2F1tlqnfxh!19sChIJ0bj4EcDA1DsRU3uZS8NNKNw?authuser=0&hl=en&rclk=1
Rhythm Heart And Critical Care - Best Heart Hospital in Nagpur | Best Angioplasty in Nagpur !,4.9,496,094135 6486,Heart hospital  3rd Floor Plot no 19 Road opp Ramkrishna Math Road beside Kalimata TempleOpen,,https://rhythmhospitals.com/,https://www.google.com/maps/place/Rhythm+Heart+And+Critical+Care+-+Best+Heart+Hospital+in+Nagpur+%7C+Best+Angioplasty+in+Nagpur+!/data=!4m7!3m6!1s0x3bd4c0852bffffff:0x6d85ceac19d84d61!8m2!3d21.1310734!4d79.079972!16s%2Fg%2F11sdchjwf7!19sChIJ____K4XA1DsRYU3YGazOhW0?authuser=0&hl=en&rclk=1
LGI Hospitals,4.3,225,091682 7448,Hospital  60 Dr Bhiwapurkar MargOpen,,http://lgihospitals.com/,https://www.google.com/maps/place/LGI+Hospitals/data=!4m7!3m6!1s0x3bd4c1ade226477d:0x967d24902361832f!8m2!3d21.1376254!4d79.0819938!16s%2Fg%2F11sswpn787!19sChIJfUcm4q3B1DsRL4NhI5AkfZY?authuser=0&hl=en&rclk=1
CIIMS HOSPITAL NAGPUR,3.4,97,712 668 7777,Hospital ,930712 668 7777,https://ciimsnagpur.com/,https://www.google.com/maps/place/CIIMS+HOSPITAL+NAGPUR/data=!4m7!3m6!1s0x3bd4c1f065856897:0x84fe56355391194!8m2!3d21.1287617!4d79.0613592!16s%2Fg%2F11ssh0cx_7!19sChIJl2iFZfDB1DsRlBE5VWPlTwg?authuser=0&hl=en&rclk=1
Avanti Institute Of Cardiology - Best Cardiology Hospital In Nagpur | Angiography/Angioplasty/Heart Hospital in Nagpur,4.8,"2,146",091122 2886,Heart hospital  5 Abhyankar MargOpen,,http://www.avantihospital.com/,https://www.google.com/maps/place/Avanti+Institute+Of+Cardiology+-+Best+Cardiology+Hospital+In+Nagpur+%7C+Angiography%2FAngioplasty%2FHeart+Hospital+in+Nagpur/data=!4m7!3m6!1s0x3bd4c090e4bb2b6b:0xfa024b2c89599ff5!8m2!3d21.13189!4d79.0807382!16s%2Fg%2F1tg66k8q!19sChIJayu75JDA1DsR9Z9ZiSxLAvo?authuser=0&hl=en&rclk=1
Ayushman Nagpur Hospital - All Govt. Health Schemes Available,4.5,598,,Hospital  3rd floor Shrivardhan complex Ayushman HospitalOpen,,https://about.me/dipakchahr67,https://www.google.com/maps/place/Ayushman+Nagpur+Hospital+-+All+Govt.+Health+Schemes+Available/data=!4m7!3m6!1s0x3bd4c1ee52d57f0d:0x47611503670c177c!8m2!3d21.1379104!4d79.0784713!16s%2Fg%2F11fnp75fmg!19sChIJDX_VUu7B1DsRfBcMZwMVYUc?authuser=0&hl=en&rclk=1
Getwell Hospital and Research Institute,4.1,593,712 663 2200,General hospital ,20 1,http://getwellhospitals.com/,https://www.google.com/maps/place/Getwell+Hospital+and+Research+Institute/data=!4m7!3m6!1s0x3bd4c0911ba69d8f:0x5bc57de2f6820547!8m2!3d21.1361052!4d79.0795349!16s%2Fg%2F1tg5sj5q!19sChIJj52mG5HA1DsRRwWC9uJ9xVs?authuser=0&hl=en&rclk=1
Neuron Hospital,2.7,241,,Hospital  53 Police Station Rd opp DhantoliOpen,,https://www.neuronnagpur.com/,https://www.google.com/maps/place/Neuron+Hospital/data=!4m7!3m6!1s0x3bd4c121e2f38537:0xd13d434c70544840!8m2!3d21.1380794!4d79.0853951!16s%2Fg%2F11hds3qn0b!19sChIJN4Xz4iHB1DsRQEhUcExDPdE?authuser=0&hl=en&rclk=1
Nelson Hospital,4.3,550,075077 0117,Hospital ,32 Behind Hitavada Press,http://nelsonhospitals.com/,https://www.google.com/maps/place/Nelson+Hospital/data=!4m7!3m6!1s0x3bd4c1861f617b03:0x899d292cbe5c54d3!8m2!3d21.1325242!4d79.0783918!16s%2Fg%2F11f5k9x44l!19sChIJA3thH4bB1DsR01RcviwpnYk?authuser=0&hl=en&rclk=1
Intima Heart & Critical Care,4.7,552,077450 5577,Heart hospital Open,,https://intimaheartandcriticalcare.com/,https://www.google.com/maps/place/Intima+Heart+%26+Critical+Care/data=!4m7!3m6!1s0x3bd4c09110b4bd81:0x61e9fff3d8c17742!8m2!3d21.1332141!4d79.0779271!16s%2Fg%2F11b5pl1g1j!19sChIJgb20EJHA1DsRQnfB2PP_6WE?authuser=0&hl=en&rclk=1
Aureus Institute of Medical Sciences,4.6,"1,468",712 282 0311,Hospital  Plot No 16 Medical College Rd Opposite Rajabaksha MandirOpen,,http://aureushospital.com/,https://www.google.com/maps/place/Aureus+Institute+of+Medical+Sciences/data=!4m7!3m6!1s0x3bd4c0a419d6eaa7:0x1185e46137da3dfa!8m2!3d21.1282879!4d79.0940224!16s%2Fg%2F11hcj5y4ww!19sChIJp-rWGaTA1DsR-j3aN2HkhRE?authuser=0&hl=en&rclk=1
Shatayu Hospital,3.9,118,093700 8547,General hospital  26 Wardha RdOpen,,http://www.shatayuhospital.com/,https://www.google.com/maps/place/Shatayu+Hospital/data=!4m7!3m6!1s0x3bd4c09071e7a549:0xcd5ba170ff1f46c8!8m2!3d21.1332108!4d79.077926!16s%2Fg%2F11cm_hcz4z!19sChIJSaXncZDA1DsRyEYf_3ChW80?authuser=0&hl=en&rclk=1
Sunflower Hospital,3.6,142,712 253 1788,Hospital  3 E High Ct RdOpen,,http://www.sunflowershospitals.com/,https://www.google.com/maps/place/Sunflower+Hospital/data=!4m7!3m6!1s0x3bd4c089201a39c9:0x770517a1675171b9!8m2!3d21.136239!4d79.0685609!16s%2Fg%2F1tkln_rq!19sChIJyTkaIInA1DsRuXFRZ6EXBXc?authuser=0&hl=en&rclk=1
Mure Memorial Hospital,3.7,59,712 252 2370,General hospital  Mure Memorial Hospital Maharajbagh RdOpen,,http://www.murememorialhospital.org/,https://www.google.com/maps/place/Mure+Memorial+Hospital/data=!4m7!3m6!1s0x3bd4c0ed3ab57cdd:0xe7a78d7d6b91b243!8m2!3d21.1450106!4d79.0779973!16s%2Fg%2F1th22812!19sChIJ3Xy1Ou3A1DsRQ7KRa32Np-c?authuser=0&hl=en&rclk=1
Criticare Hospital & Research Institute,4.6,458,,Hospital  Dhanshri Complex 4th Floor Humpyard Rd near Hardeo HotelOpen,,https://about.me/dipakchahr67,https://www.google.com/maps/place/Criticare+Hospital+%26+Research+Institute/data=!4m7!3m6!1s0x3bd4c095bf0c5127:0x130587572bc4f88f!8m2!3d21.1405576!4d79.0854809!16s%2Fg%2F11b5pkfm8c!19sChIJJ1EMv5XA1DsRj_jEK1eHBRM?authuser=0&hl=en&rclk=1
Hospital & Research Centre,4.6,10,,Hospital  Vijay BhawanOpen,,,https://www.google.com/maps/place/Hospital+%26+Research+Centre/data=!4m7!3m6!1s0x3bd4c1924907bafb:0x18b93d401b37ea4d!8m2!3d21.1292316!4d79.0828864!16s%2Fg%2F11pdxqbj28!19sChIJ-7oHSZLB1DsRTeo3G0A9uRg?authuser=0&hl=en&rclk=1
Lata Mangeshkar Hospital,4.1,672,712 253 0347,General hospital  YMCA Complex Maharajbagh RdClosed ⋅ Opens 10 am Sat,0712 253 0347,http://lmhbuldi.com/,https://www.google.com/maps/place/Lata+Mangeshkar+Hospital/data=!4m7!3m6!1s0x3bd4c0ecb65aaaab:0x53391e41f3f78fa9!8m2!3d21.1450255!4d79.0801726!16s%2Fg%2F1th26vv5!19sChIJq6patuzA1DsRqY_380EeOVM?authuser=0&hl=en&rclk=1
Asian KHMC Multispeciality Hospital,4.1,118,712 252 8120,Hospital  213 W High Ct Rd near Shankar NagarOpen,,http://asiankhmc.com/,https://www.google.com/maps/place/Asian+KHMC+Multispeciality+Hospital/data=!4m7!3m6!1s0x3bd4c1b235d2dca9:0x6b615a9e75aee4b9!8m2!3d21.1369864!4d79.0605089!16s%2Fg%2F11fd75zgwj!19sChIJqdzSNbLB1DsRueSudZ5aYWs?authuser=0&hl=en&rclk=1
Green City Multispeciality Hospital,3.9,8,,Private hospital  Mehadia Sq Police Station near DhantoliOpen,,,https://www.google.com/maps/place/Green+City+Multispeciality+Hospital/data=!4m7!3m6!1s0x3bd4c10e77d6943d:0xa2dbb896fdba73d2!8m2!3d21.1374948!4d79.0841646!16s%2Fg%2F11n5hd5j8b!19sChIJPZTWdw7B1DsR0nO6_Za426I?authuser=0&hl=en&rclk=1
Swastik Critical Care,4.1,185,712 242 2222,Hospital  Building,15 Kolwadkar,,https://www.google.com/maps/place/Swastik+Critical+Care/data=!4m7!3m6!1s0x3bd4c090454f0af9:0x3c4a469ca15ed177!8m2!3d21.1358742!4d79.0783397!16s%2Fg%2F1tctk7b4!19sChIJ-QpPRZDA1DsRd9FeoZxGSjw?authuser=0&hl=en&rclk=1
Chirayu Chest Hospital | Critical Care Hospital in Nagpur,3.9,53,,Hospital  First Floor Vasanrsheela Tower Beside Sundar Furniture below Genesis HospitalOpen,,,https://www.google.com/maps/place/Chirayu+Chest+Hospital+%7C+Critical+Care+Hospital+in+Nagpur/data=!4m7!3m6!1s0x3bd4c142fe77945b:0x18d18a09682a5740!8m2!3d21.135307!4d79.078764!16s%2Fg%2F11g0b9l5qf!19sChIJW5R3_kLB1DsRQFcqaAmK0Rg?authuser=0&hl=en&rclk=1
Ameya Hospital,1.7,47,712 253 6634,Private hospital  Mangalmurti ApartmentsOpen,,,https://www.google.com/maps/place/Ameya+Hospital/data=!4m7!3m6!1s0x3bd4c061bfffffff:0xe0a8503c05b0777a!8m2!3d21.1384452!4d79.0618789!16s%2Fg%2F1tm8cfys!19sChIJ____v2HA1DsRenewBTxQqOA?authuser=0&hl=en&rclk=1
Indrayani Speciality Hospital,4.2,30,712 245 3816,Hospital  156Open ⋅ Closes 11:30 pm,0712 245 3816,https://book.healthplix.com/dr-arti-dharaskar-diabetologist-ramdaspeth?utm_source=gmb_cta&hl=en-IN&gei=jh4AZ5KJN7C64-EP-e7e2Ag&rwg_token=AJKvS9XhokGXc1QU_Vq0YBSx6AF2wabNfTvq5zlSNAOwi6QVqoBoVB3gt6eJRQRn78cMgcX9ttxFTQrQpc6Fin6INCZDwfDcuA%3D%3D,https://www.google.com/maps/place/Indrayani+Speciality+Hospital/data=!4m7!3m6!1s0x3bd4c08efe928fcd:0xf3d5092ae081d71a!8m2!3d21.1354422!4d79.0728639!16s%2Fg%2F1v3lndm4!19sChIJzY-S_o7A1DsRGteB4CoJ1fM?authuser=0&hl=en&rclk=1
NEUROSPINE HOSPITAL AND REVIVE CRITICAL CARE (NHRCC),4.8,209,090217 2133,General hospital  3rd Floor Panchvati Tower Wardha Rd beside The Hitvada Head OfficeOpen,,https://www.nhrcc.in/,https://www.google.com/maps/place/NEUROSPINE+HOSPITAL+AND+REVIVE+CRITICAL+CARE+%28NHRCC%29/data=!4m7!3m6!1s0x3bd4c1d28cd38bf1:0x810e10b112fd530a!8m2!3d21.1330808!4d79.0778579!16s%2Fg%2F11lrpk455h!19sChIJ8YvTjNLB1DsRClP9ErEQDoE?authuser=0&hl=en&rclk=1
Midcity Hospital Nagpur,4.8,96,073919 4801,Private hospital ,12 2 nd Floor,http://www.midcityhospitalnagpur.com/,https://www.google.com/maps/place/Midcity+Hospital+Nagpur/data=!4m7!3m6!1s0x3bd4c08fd596b1b5:0xd97388b0392b504b!8m2!3d21.1346139!4d79.0756152!16s%2Fg%2F11hbky57yb!19sChIJtbGW1Y_A1DsRS1ArObCIc9k?authuser=0&hl=en&rclk=1
Mulik Hospital,3.7,75,712 242 4478,Hospital  Garden 104 Balraj Marg opposite DhantoliOpen,,,https://www.google.com/maps/place/Mulik+Hospital/data=!4m7!3m6!1s0x3bd4c090d2ffffff:0xe740e6cc5d0de7f1!8m2!3d21.1340068!4d79.081083!16s%2Fg%2F1v2gc673!19sChIJ____0pDA1DsR8ecNXczmQOc?authuser=0&hl=en&rclk=1
Soni Hospital,3.7,29,,Hospital  21 Shri-Hari Apartment Central Bazar RoadOpen,,,https://www.google.com/maps/place/Soni+Hospital/data=!4m7!3m6!1s0x3bd4c08fead19f1d:0xa570e25446c606ba!8m2!3d21.1336439!4d79.0743532!16s%2Fg%2F1263t5ylp!19sChIJHZ_R6o_A1DsRugbGRlTicKU?authuser=0&hl=en&rclk=1
SORTEY HOSPITAL & RESEARCH CENTER,4.5,35,712 243 5789,Hospital  Shreewardhan Complex 2nd floor Besides BIGBAZAR Near Panchsheel Talkies Wardha Rd,0712 243 5789,,https://www.google.com/maps/place/SORTEY+HOSPITAL+%26+RESEARCH+CENTER/data=!4m7!3m6!1s0x3bd4c091775824fb:0x45c693318a6a1c84!8m2!3d21.1377759!4d79.0789217!16s%2Fg%2F11fxb8ngxr!19sChIJ-yRYd5HA1DsRhBxqijGTxkU?authuser=0&hl=en&rclk=1
Deshmane Multispeciality Hospital,4.0,20,098230 2392,Hospital  2nd Floor Vasant Sheela ComplexOpen,,,https://www.google.com/maps/place/Deshmane+Multispeciality+Hospital/data=!4m7!3m6!1s0x3bd4c09500000001:0xad5cca05e7b63230!8m2!3d21.1356186!4d79.0788097!16s%2Fg%2F1vy7f0yf!19sChIJAQAAAJXA1DsRMDK25wXKXK0?authuser=0&hl=en&rclk=1
Star Superspeciality Hospital,4.2,70,093269 8068,Hospital  Besides Hardeo hotelClosed ⋅ Opens 10 am Sat,093269 80684,http://www.starhospitalnagpur.com/,https://www.google.com/maps/place/Star+Superspeciality+Hospital/data=!4m7!3m6!1s0x3bd4c095bfafe627:0x7cd35d7845ffe68c!8m2!3d21.1406368!4d79.0856482!16s%2Fg%2F11fyzcjtgs!19sChIJJ-avv5XA1DsRjOb_RXhd03w?authuser=0&hl=en&rclk=1
Radhe Krishna Hospital,3.7,15,,,,,https://www.google.com/maps/place/Radhe+Krishna+Hospital/data=!4m7!3m6!1s0x3bd4c0852bffffff:0x73378a86247aa225!8m2!3d21.1298675!4d79.0754751!16s%2Fg%2F11c70jfttc!19sChIJ____K4XA1DsRJaJ6JIaKN3M?authuser=0&hl=en&rclk=1
Spandan Heart Institute & Research Centre,4.5,421,712 244 3333,Hospital  No 32 32 behind Hitavada OfficeClosed ⋅ Opens 10 am Sat,0712 244 3333,https://spandanheart.com/,https://www.google.com/maps/place/Spandan+Heart+Institute+%26+Research+Centre/data=!4m7!3m6!1s0x3bd4c09500000001:0x8b7f3e4d131cc4ed!8m2!3d21.1328003!4d79.0783479!16s%2Fg%2F1wrghmrv!19sChIJAQAAAJXA1DsR7cQcE00-f4s?authuser=0&hl=en&rclk=1
Pravin j.Gupta Nursing Home and Piles Hospital,4.9,"1,705",074481 1554,Hospital  opposite DeekshabhoomiClosed ⋅ Opens 10 am Sat,074481 15545,https://drpravingupta.com/,https://www.google.com/maps/place/Pravin+j.Gupta+Nursing+Home+and+Piles+Hospital/data=!4m7!3m6!1s0x3bd4c1a2506f0db7:0x251d30fe7db10cab!8m2!3d21.1243444!4d79.0675508!16s%2Fg%2F11j0j2kp0h!19sChIJtw1vUKLB1DsRqwyxff4wHSU?authuser=0&hl=en&rclk=1
Raut Nursing Home,4.4,115,712 252 0956,Hospital  Besides Equitas Building 11 W High Ct RdOpen,,http://rautnursinghome.com/,https://www.google.com/maps/place/Raut+Nursing+Home/data=!4m7!3m6!1s0x3bd4c1c40eb1cded:0x7577e1a9cd26207!8m2!3d21.132952!4d79.0618528!16s%2Fg%2F11h1kz9301!19sChIJ7c2xDsTB1DsRB2LSnBp-Vwc?authuser=0&hl=en&rclk=1
Indriya Eye & ENT Hospital | LASIK Surgeon| ENT Doctor| ENT Specialist| Best Cataract Surgeon| LASIK Eye Surgery in Nagpur,4.9,"2,163",074474 4346,Hospital  2nd Floor Shree Radhe Health Heights opposite Hotel Centre Point near Lokmat SquareOpen,,https://www.indriyahospital.com/,https://www.google.com/maps/place/Indriya+Eye+%26+ENT+Hospital+%7C+LASIK+Surgeon%7C+ENT+Doctor%7C+ENT+Specialist%7C+Best+Cataract+Surgeon%7C+LASIK+Eye+Surgery+in+Nagpur/data=!4m7!3m6!1s0x3bd4c126a9e68dfb:0xc3566c84b35d5058!8m2!3d21.1347221!4d79.0774315!16s%2Fg%2F11h83sp3b9!19sChIJ-43mqSbB1DsRWFBds4RsVsM?authuser=0&hl=en&rclk=1
Suretech Hospital And Research Centre,4.0,1,099225 2234,Hospital  suretech Hospital and research centre,099225 22345,,https://www.google.com/maps/place/Suretech+Hospital+And+Research+Centre/data=!4m7!3m6!1s0x3bd4c09ad757ee69:0x4ce52a0f88170c92!8m2!3d21.129901!4d79.076506!16s%2Fg%2F11tffjncb4!19sChIJae5X15rA1DsRkgwXiA8q5Uw?authuser=0&hl=en&rclk=1
Aastha Children's Hospital,4.7,117,098813 7037,Children's hospital 2nd Floor Daya Krishna Complex Central Bazar RoadOpen,,,https://www.google.com/maps/place/Aastha+Children%27s+Hospital/data=!4m7!3m6!1s0x3bd4c08f00000001:0x22fe51e35ea09a60!8m2!3d21.1340223!4d79.0732453!16s%2Fg%2F1tdr1rxy!19sChIJAQAAAI_A1DsRYJqgXuNR_iI?authuser=0&hl=en&rclk=1
Sparsh Urology & Kidney Hospital,4.4,56,094231 0149,Hospital  35 Balraj MargOpen ⋅ Closes 12 am,094231 01494,http://www.sparshhospitalnagpur.com/,https://www.google.com/maps/place/Sparsh+Urology+%26+Kidney+Hospital/data=!4m7!3m6!1s0x3bd4c09748c2c4af:0xb00a098eb6f83570!8m2!3d21.1340983!4d79.0820566!16s%2Fg%2F11cjghs8zl!19sChIJr8TCSJfA1DsRcDX4to4JCrA?authuser=0&hl=en&rclk=1
Arora Hospital,4.2,6,092267 4149,Hospital 1st Floor Shree Vardhan Complex Vardha Road Ramdaspeth Ramdaspeth near Big Bazar,092267 41493,,https://www.google.com/maps/place/Arora+Hospital/data=!4m7!3m6!1s0x3bd4c08f00000001:0x7ae2a1c59f010275!8m2!3d21.1377576!4d79.0788586!16s%2Fg%2F1tslh5g4!19sChIJAQAAAI_A1DsRdQIBn8Wh4no?authuser=0&hl=en&rclk=1
"Neuron Brain, Spine & Critical Care Center",2.9,60,,Hospital  Police Station Plot no 81/1 81/2 behind DhantoliOpen,,https://www.neuronnagpur.com/,"https://www.google.com/maps/place/Neuron+Brain,+Spine+%26+Critical+Care+Center/data=!4m7!3m6!1s0x3bd4c18638971d79:0x852078dbfbc126d1!8m2!3d21.134399!4d79.0801595!16s%2Fg%2F11j3t16wkk!19sChIJeR2XOIbB1DsR0SbB-9t4IIU?authuser=0&hl=en&rclk=1"
Dr Sangtani's Ortho Relief Hospital & Research Centre,4.4,115,712 244 3313,Hospital  Plot,19 Opp Ramkrishna Math,http://www.orthoreliefhospital.com/,https://www.google.com/maps/place/Dr+Sangtani%27s+Ortho+Relief+Hospital+%26+Research+Centre/data=!4m7!3m6!1s0x3bd4c09a3f02b905:0xb1fb95dfbc6fd455!8m2!3d21.1310159!4d79.0799306!16s%2Fg%2F1tddqnbd!19sChIJBbkCP5rA1DsRVdRvvN-V-7E?authuser=0&hl=en&rclk=1
Ganeshrao Kanphade Memorial Hospital,3.7,7,712 244 1112,Hospital  43PG+388 Central Bazar RoadOpen,,,https://www.google.com/maps/place/Ganeshrao+Kanphade+Memorial+Hospital/data=!4m7!3m6!1s0x3bd4c08f00000001:0xb616cf896160f2b6!8m2!3d21.1351504!4d79.0758257!16s%2Fg%2F1tk6646d!19sChIJAQAAAI_A1DsRtvJgYYnPFrY?authuser=0&hl=en&rclk=1
"Bodhankar Hospital For Newborn, Children & Adolescent",4.2,61,712 245 9090,Hospital  Bodhankar children hospital opposite Somalwar High SchoolOpen,,http://www.bodhankarhospital.com/,"https://www.google.com/maps/place/Bodhankar+Hospital+For+Newborn,+Children+%26+Adolescent/data=!4m7!3m6!1s0x3bd4c08f94ce3b07:0x8ce146930afb534d!8m2!3d21.1338039!4d79.0748477!16s%2Fg%2F1wf2097c!19sChIJBzvOlI_A1DsRTVP7CpNG4Yw?authuser=0&hl=en&rclk=1"
OM Women's Hospital,3.7,16,,,,,https://www.google.com/maps/place/OM+Women%27s+Hospital/data=!4m7!3m6!1s0x3bd4c08f00000001:0x36dc4773aa1cefda!8m2!3d21.1352294!4d79.0729793!16s%2Fg%2F1tf_rb6m!19sChIJAQAAAI_A1DsR2u8cqnNH3DY?authuser=0&hl=en&rclk=1
SVM Hospital,4.8,5,,Hospital ,43 Lendra Park Corner Shubhamkaoti,,https://www.google.com/maps/place/SVM+Hospital/data=!4m7!3m6!1s0x3bd4c08ec20d4155:0x97fa39f4513b09ce!8m2!3d21.1362534!4d79.0717877!16s%2Fg%2F11bbrkx6wl!19sChIJVUENwo7A1DsRzgk7UfQ5-pc?authuser=0&hl=en&rclk=1
Agrawal Hospital,3.4,8,712 276 6951,Hospital  Agrawal Hospital Sut Market Gandhi Bagh Gandhi Bagh,0712 276 6951,,https://www.google.com/maps/place/Agrawal+Hospital/data=!4m7!3m6!1s0x3bd4c0c011f8b8d1:0x384643a013749a8e!8m2!3d21.1458004!4d79.0881546!16s%2Fg%2F1tg38kd1!19sChIJ0bj4EcDA1DsRjpp0E6BDRjg?authuser=0&hl=en&rclk=1
Darda Hospital & Maternity Home,4.8,47,712 242 7537,Hospital Darda Hospital & Maternity Home Shri Radheya Health Heights 5 Central Bazar Road opp Neeti Gaurav Complex near Lokmat SquareClosed ⋅ Opens 10 am Sat,0712 242 7537,,https://www.google.com/maps/place/Darda+Hospital+%26+Maternity+Home/data=!4m7!3m6!1s0x3bd4c08f00000001:0xa850d96e7639f2d3!8m2!3d21.1346085!4d79.0773479!16s%2Fg%2F1tgn824h!19sChIJAQAAAI_A1DsR0_I5dm7ZUKg?authuser=0&hl=en&rclk=1
Shree Krishna Heart Care Hospital,3.9,24,,,,,https://www.google.com/maps/place/Shree+Krishna+Heart+Care+Hospital/data=!4m7!3m6!1s0x3bd4c09728973065:0x282cebce45885fb8!8m2!3d21.1308794!4d79.0821321!16s%2Fg%2F11fnw1b223!19sChIJZTCXKJfA1DsRuF-IRc7rLCg?authuser=0&hl=en&rclk=1
Dr. Nawaid Ahamad | Best Orthopaedic surgeon in Nagpur | CARE Hospitals Nagpur,0.0,0,,,,https://www.carehospitals.com/hospital-detail/care-super-specialty-hospital-nagpur,https://www.google.com/maps/place/Dr.+Nawaid+Ahamad+%7C+Best+Orthopaedic+surgeon+in+Nagpur+%7C+CARE+Hospitals+Nagpur/data=!4m7!3m6!1s0x3bd4c17e9da41b27:0x9e5ca0f91d2fd139!8m2!3d21.1382157!4d79.0790472!16s%2Fg%2F11y2qd86cq!19sChIJJxuknX7B1DsROdEvHfmgXJ4?authuser=0&hl=en&rclk=1
Ketki Nursing Home,4.1,59,,,,http://www.sadashivbhole.com/,https://www.google.com/maps/place/Ketki+Nursing+Home/data=!4m7!3m6!1s0x3bd4c1d6ec10b183:0x1293fb5f9875b33!8m2!3d21.1365882!4d79.0796282!16s%2Fg%2F11q23r5lw_!19sChIJg7EQ7NbB1DsRM1uH-bU_KQE?authuser=0&hl=en&rclk=1
Baheti Hospital,4.2,33,712 242 7171,Hospital Closed ⋅ Opens 10 am Sat,0712 242 7171,,https://www.google.com/maps/place/Baheti+Hospital/data=!4m7!3m6!1s0x3bd4c090edead1e7:0xbdedb5786b2a8c1c!8m2!3d21.1346879!4d79.0795144!16s%2Fg%2F11gdyg5c3j!19sChIJ59Hq7ZDA1DsRHIwqa3i17b0?authuser=0&hl=en&rclk=1
Vivek Hospital,3.0,2,074474 4146,General hospital plot no 133 e W High Ct Rd,074474 41468,,https://www.google.com/maps/place/Vivek+Hospital/data=!4m7!3m6!1s0x3bd4c063b82179f5:0x3804bba8bb4febe4!8m2!3d21.135814!4d79.060955!16s%2Fg%2F11t6jt0myj!19sChIJ9XkhuGPA1DsR5OtPu6i7BDg?authuser=0&hl=en&rclk=1
Nephron Kidney Hospital,4.8,83,098234 0855,Hospital  5th Dhanashree Shoping Arcade Complex Humpyard Rd near Hardeo HotelOpen,,https://drjiteshjeswani.com/,https://www.google.com/maps/place/Nephron+Kidney+Hospital/data=!4m7!3m6!1s0x3bd4c101eb82c07b:0x3203da36f94fd33d!8m2!3d21.1405408!4d79.0854237!16s%2Fg%2F11q227thxw!19sChIJe8CC6wHB1DsRPdNP-TbaAzI?authuser=0&hl=en&rclk=1
"Raghuwanshi Infertility, Laparoscopy & Maternity Hospital",4.8,66,097670 3982,Hospital Closed ⋅ Opens 9 am Sat,097670 39820,http://raghuwanshihospital.com/,"https://www.google.com/maps/place/Raghuwanshi+Infertility,+Laparoscopy+%26+Maternity+Hospital/data=!4m7!3m6!1s0x3bd4c09043afa303:0xf8b5509cb3f0a913!8m2!3d21.1377735!4d79.078765!16s%2Fg%2F11fylq_pwn!19sChIJA6OvQ5DA1DsRE6nws5xQtfg?authuser=0&hl=en&rclk=1"
Ganju Haematology Clinic & Hospital,4.1,100,712 243 8887,Hospital  6th floor Midas Complex near Nikalas TowerOpen,,http://ganjuhaematology.com/,https://www.google.com/maps/place/Ganju+Haematology+Clinic+%26+Hospital/data=!4m7!3m6!1s0x3bd4c08f00000001:0x7e58728591e3b57d!8m2!3d21.1340059!4d79.0756892!16s%2Fg%2F1vn16_3r!19sChIJAQAAAI_A1DsRfbXjkYVyWH4?authuser=0&hl=en&rclk=1
ASSSAN HOSPITAL,5.0,1,091122 3395,Hospital  2 Humpyard RdOpen,,,https://www.google.com/maps/place/ASSSAN+HOSPITAL/data=!4m7!3m6!1s0x3bd4c1dc7792c5ff:0xb24eca4cc0e97eab!8m2!3d21.1361383!4d79.0846044!16s%2Fg%2F11hst5sqv6!19sChIJ_8WSd9zB1DsRq37pwEzKTrI?authuser=0&hl=en&rclk=1
RnH hospital,5.0,1,,,,,https://www.google.com/maps/place/RnH+hospital/data=!4m7!3m6!1s0x3bd4c1525b354a07:0x7ad9986650aae04!8m2!3d21.1335301!4d79.0831513!16s%2Fg%2F11fp8x3607!19sChIJB0o1W1LB1DsRBK4KZYaZrQc?authuser=0&hl=en&rclk=1
Mahajan Children Hospital,4.6,59,712 246 0789,Hospital 43PJ+X4Q W Park Rd Opposite Big Bazaar,0712 246 0789,,https://www.google.com/maps/place/Mahajan+Children+Hospital/data=!4m7!3m6!1s0x3bd4c094c5555555:0x7ed95722a743e198!8m2!3d21.1374594!4d79.0803705!16s%2Fg%2F1tm67cy5!19sChIJVVVVxZTA1DsRmOFDpyJX2X4?authuser=0&hl=en&rclk=1
Ocean Superspecialist Hospital,3.7,3,,,,,https://www.google.com/maps/place/Ocean+Superspecialist+Hospital/data=!4m7!3m6!1s0x3bd4c12b0f2cfd1f:0x2078c7aa4a7e7ed3!8m2!3d21.1318083!4d79.0682187!16s%2Fg%2F11kbqb6zwl!19sChIJH_0sDyvB1DsR035-SqrHeCA?authuser=0&hl=en&rclk=1
Super Hospital,2.7,9,,,,,https://www.google.com/maps/place/Super+Hospital/data=!4m7!3m6!1s0x3bd4c0977d953c75:0x2a74b9604278f272!8m2!3d21.1328851!4d79.084034!16s%2Fg%2F1q69q16bc!19sChIJdTyVfZfA1DsRcvJ4QmC5dCo?authuser=0&hl=en&rclk=1
Nucleus Children's Hospital,2.7,11,070660 3651,Hospital Hayatt Building Central Park RdOpen,,,https://www.google.com/maps/place/Nucleus+Children%27s+Hospital/data=!4m7!3m6!1s0x3bd4c091109ef083:0xa8762006f56acafa!8m2!3d21.1364976!4d79.0797717!16s%2Fg%2F11f01yks48!19sChIJg_CeEJHA1DsR-spq9QYgdqg?authuser=0&hl=en&rclk=1
NKD's Health City Hospital,4.3,6,093729 3015,Hospital 1st Floor Vijay BhawanClosed ⋅ Opens 9:30 am Sat,093729 30159,,https://www.google.com/maps/place/NKD%27s+Health+City+Hospital/data=!4m7!3m6!1s0x3bd4c09059d63eeb:0xeb298a8d2b61cca1!8m2!3d21.1349079!4d79.078547!16s%2Fg%2F1q64j627h!19sChIJ6z7WWZDA1DsRocxhK42KKes?authuser=0&hl=en&rclk=1
Hope Hospital Ramdaspeth Dr Murali I (Orthopedic doctor In Nagpur | Knee Replacement Surgeon | Hip Replacement Surgeon | Arthritis | Back Pain | Knee Pain | Hip Pain | Ligament Injury.),1.0,2,,Hospital  2nd floor Shrivardhan complexOpen,,,https://www.google.com/maps/place/Hope+Hospital+Ramdaspeth+Dr+Murali+I+%28Orthopedic+doctor+In+Nagpur+%7C+Knee+Replacement+Surgeon+%7C+Hip+Replacement+Surgeon+%7C+Arthritis+%7C+Back+Pain+%7C+Knee+Pain+%7C+Hip+Pain+%7C+Ligament+Injury.%29/data=!4m7!3m6!1s0x3bd4c1381cd57bcd:0x572d1fdc8407ddc7!8m2!3d21.1378815!4d79.078356!16s%2Fg%2F11q8jyfng9!19sChIJzXvVHDjB1DsRx90HhNwfLVc?authuser=0&hl=en&rclk=1
Seva Multispeciality Hospital,5.0,3,093732 1577,Private hospital ,66 B,,https://www.google.com/maps/place/Seva+Multispeciality+Hospital/data=!4m7!3m6!1s0x3bd4c12a09178f29:0x3dfa0ee072cdfa2e!8m2!3d21.1331385!4d79.0838469!16s%2Fg%2F11t5lgy0c3!19sChIJKY8XCSrB1DsRLvrNcuAO-j0?authuser=0&hl=en&rclk=1
Orange City Hospital Square,3.5,4,,,,,https://www.google.com/maps/place/Orange+City+Hospital+Square/data=!4m7!3m6!1s0x3bd4c0c011f8b8d1:0x921d3418eb782432!8m2!3d21.1453437!4d79.0878583!16s%2Fg%2F11f32bc2nb!19sChIJ0bj4EcDA1DsRMiR46xg0HZI?authuser=0&hl=en&rclk=1
Shanta Spine Hospital,4.0,71,,,,,https://www.google.com/maps/place/Shanta+Spine+Hospital/data=!4m7!3m6!1s0x3bd4c08fbe87e8ff:0x2f6f708d6d1aa55f!8m2!3d21.1341785!4d79.0739975!16s%2Fg%2F11h14rc8j!19sChIJ_-iHvo_A1DsRX6UabY1wby8?authuser=0&hl=en&rclk=1
Shanti Prabha Nursing Home,4.3,13,070280 7011,Hospital 1st floor Mehadia Bhawan Dhantoli Near Kwality Wines (front Gate above Bombay Medicos (Back Gate for Emergency serviceOpen,,,https://www.google.com/maps/place/Shanti+Prabha+Nursing+Home/data=!4m7!3m6!1s0x3bd4c09500000001:0x46678a87e405552a!8m2!3d21.135597!4d79.0786012!16s%2Fg%2F1txc5hgt!19sChIJAQAAAJXA1DsRKlUF5IeKZ0Y?authuser=0&hl=en&rclk=1
Central Hospital Baby Heart Centre,4.5,4,,Hospital  269 Central Bazar RoadOpen,,,https://www.google.com/maps/place/Central+Hospital+Baby+Heart+Centre/data=!4m7!3m6!1s0x3bd4c148ca5af8c3:0xdd142507f8f89a61!8m2!3d21.132434!4d79.069049!16s%2Fg%2F11g_zk_qc_!19sChIJw_haykjB1DsRYZr4-AclFN0?authuser=0&hl=en&rclk=1
hospital arneja,5.0,1,,,,,https://www.google.com/maps/place/hospital+arneja/data=!4m7!3m6!1s0x3bd4c0939e2ba603:0xb02401e56f0cc4f3!8m2!3d21.141568!4d79.080229!16s%2Fg%2F11f0w_tqgf!19sChIJA6YrnpPA1DsR88QMb-UBJLA?authuser=0&hl=en&rclk=1
Aarogyadham Hospital Nagpur,0.0,0,,,,,https://www.google.com/maps/place/Aarogyadham+Hospital+Nagpur/data=!4m7!3m6!1s0x3bd4c14597a888f9:0x1c9f46311e156b66!8m2!3d21.1347138!4d79.0743515!16s%2Fg%2F11h1drjt5k!19sChIJ-Yiol0XB1DsRZmsVHjFGnxw?authuser=0&hl=en&rclk=1
Ramesh Mundle Hospital,5.0,12,712 244 5755,Hospital  20 Farmland Rd,0712 244 5755,,https://www.google.com/maps/place/Ramesh+Mundle+Hospital/data=!4m7!3m6!1s0x3bd4c09034913c1d:0xb5271fdb1869d585!8m2!3d21.1355004!4d79.0770625!16s%2Fg%2F11g8w7s60r!19sChIJHTyRNJDA1DsRhdVpGNsfJ7U?authuser=0&hl=en&rclk=1
ORTHO JOINTS AVENUE HOSPITAL,4.9,64,097637 8238,Hospital  7th Floor Shri Radhe HeightsOpen,,https://kneereplacementsurgeon.in/,https://www.google.com/maps/place/ORTHO+JOINTS+AVENUE+HOSPITAL/data=!4m7!3m6!1s0x3bd4c10156856383:0x48b7c85a5ee142d7!8m2!3d21.1346714!4d79.0774232!16s%2Fg%2F11q22d01dg!19sChIJg2OFVgHB1DsR10LhXlrIt0g?authuser=0&hl=en&rclk=1
Sawli Hospital,4.3,11,712 252 1171,Hospital  43R7+QGG Datta Niwas Hanuman Mandir RdClosed ⋅ Opens 10:30 am Sat,0712 252 1171,,https://www.google.com/maps/place/Sawli+Hospital/data=!4m7!3m6!1s0x3bd4c061bfffffff:0x6fc0d456195f0f2b!8m2!3d21.1419358!4d79.0638148!16s%2Fg%2F1thd089b!19sChIJ____v2HA1DsRKw9fGVbUwG8?authuser=0&hl=en&rclk=1
Hospital,2.3,3,,,,,https://www.google.com/maps/place/Hospital/data=!4m7!3m6!1s0x3bd4c07c4ac55e77:0xf17555d651c71462!8m2!3d21.1271477!4d79.061209!16s%2Fg%2F11g68x2n6c!19sChIJd17FSnzA1DsRYhTHUdZVdfE?authuser=0&hl=en&rclk=1
Pallavi Hospital,4.3,4,712 242 4220,Hospital  20 Central Bazar RoadClosed ⋅ Opens 8 am Sat,0712 242 4220,,https://www.google.com/maps/place/Pallavi+Hospital/data=!4m7!3m6!1s0x3bd4c09029fa3c5b:0x171d3b5b0f049255!8m2!3d21.1350209!4d79.0758414!16s%2Fg%2F11c20bshn_!19sChIJWzz6KZDA1DsRVZIED1s7HRc?authuser=0&hl=en&rclk=1
NMC Isolation Hospital,3.6,10,,,,,https://www.google.com/maps/place/NMC+Isolation+Hospital/data=!4m7!3m6!1s0x3bd4c0bce8e9b007:0x6694d2b23ee98e53!8m2!3d21.1351843!4d79.0907864!16s%2Fg%2F1q6jhvjcm!19sChIJB7Dp6LzA1DsRU47pPrLSlGY?authuser=0&hl=en&rclk=1
Snehaanchal Palliative Care Centre,4.8,37,712 274 4441,Hospital  Indira Nagar Jattarodi behind TB WardOpen,,,https://www.google.com/maps/place/Snehaanchal+Palliative+Care+Centre/data=!4m7!3m6!1s0x3bd4c0a2381621fb:0xe2c6587a131c66af!8m2!3d21.129606!4d79.0891176!16s%2Fg%2F11c5bsnf6s!19sChIJ-yEWOKLA1DsRr2YcE3pYxuI?authuser=0&hl=en&rclk=1
SMPatil Hospital GI Endoscopy & Liver Clinic,4.2,37,712 661 9583,Hospital  2 Yugadharma Complex Central Bazar Road opp ICICI BankClosed ⋅ Opens 10 am Sat,0712 661 9583,http://samirspatil.wix.com/gastroclinic,https://www.google.com/maps/place/SMPatil+Hospital+GI+Endoscopy+%26+Liver+Clinic/data=!4m7!3m6!1s0x3bd4c08fd84fb001:0xdd80fbffa74f48d5!8m2!3d21.1345609!4d79.0756356!16s%2Fg%2F1v46ytn8!19sChIJAbBP2I_A1DsR1UhPp__7gN0?authuser=0&hl=en&rclk=1
Shrikhande Hospital & Research Center Pvt Ltd,4.0,5,,,,,https://www.google.com/maps/place/Shrikhande+Hospital+%26+Research+Center+Pvt+Ltd/data=!4m7!3m6!1s0x3bd4c0941e4b4da9:0xab3fb6f8b577883d!8m2!3d21.1309243!4d79.0804049!16s%2Fg%2F11j2xmj_63!19sChIJqU1LHpTA1DsRPYh3tfi2P6s?authuser=0&hl=en&rclk=1
Rhythm Heart and Multi Speciality Hospitals,0.0,0,094135 6486,,094135 64868,https://rhythmhospitals.com/contact/,https://www.google.com/maps/place/Rhythm+Heart+and+Multi+Speciality+Hospitals/data=!4m7!3m6!1s0x3bd4c0975acc8b87:0x551149f29ad6bcb8!8m2!3d21.1464129!4d79.0641824!16s%2Fg%2F11smqnt7fk!19sChIJh4vMWpfA1DsRuLzWmvJJEVU?authuser=0&hl=en&rclk=1
Contacare Eye Hospital,4.7,161,093249 9994,Hospital  No,46 Ramson Tower,,https://www.google.com/maps/place/Contacare+Eye+Hospital/data=!4m7!3m6!1s0x3bd4c1e9f6fbe563:0xb470a30434fbcb8c!8m2!3d21.132543!4d79.0831974!16s%2Fg%2F11d_bjwh9k!19sChIJY-X79unB1DsRjMv7NASjcLQ?authuser=0&hl=en&rclk=1
Vardan Supermultispeciality Hospital,5.0,1,094217 7715,Hospital  66/1 Mazenine Floor Ashish Apartments Below Acharya Dialysis & Kidney Center Abhyankar Marg near Anandashram Bhojnalay,094217 77155,,https://www.google.com/maps/place/Vardan+Supermultispeciality+Hospital/data=!4m7!3m6!1s0x3bd4c1dbec8c8455:0xebb931f87dcf2900!8m2!3d21.1358999!4d79.0835291!16s%2Fg%2F11qmm31zkz!19sChIJVYSM7NvB1DsRACnPffgxues?authuser=0&hl=en&rclk=1
Dr. Pandit Hospital,5.0,7,,,,,https://www.google.com/maps/place/Dr.+Pandit+Hospital/data=!4m7!3m6!1s0x3bd4c0976537624d:0xf3f8c575a130516e!8m2!3d21.1339438!4d79.0833508!16s%2Fg%2F1tgfv27w!19sChIJTWI3ZZfA1DsRblEwoXXF-PM?authuser=0&hl=en&rclk=1
Ketki Urological Hospital,4.2,10,,,,,https://www.google.com/maps/place/Ketki+Urological+Hospital/data=!4m7!3m6!1s0x3bd4c09114fe4725:0xa963ef4e893e09ad!8m2!3d21.1364234!4d79.0796238!16s%2Fg%2F1tfsrbjc!19sChIJJUf-FJHA1DsRrQk-iU7vY6k?authuser=0&hl=en&rclk=1
krims neurology nagpur,5.0,4,,,,,https://www.google.com/maps/place/krims+neurology+nagpur/data=!4m7!3m6!1s0x3bd4c16881e828f7:0x1054aa76e4684c77!8m2!3d21.132815!4d79.070385!16s%2Fg%2F11f6kz_k6t!19sChIJ9yjogWjB1DsRd0xo5HaqVBA?authuser=0&hl=en&rclk=1
Anjani Eye Hospital,4.5,369,712 242 5869,Hospital  20 Central Bazar RoadClosed ⋅ Opens 7 am Sat,0712 242 5869,http://www.anjanieyehospital.org/,https://www.google.com/maps/place/Anjani+Eye+Hospital/data=!4m7!3m6!1s0x3bd4c088a4ffffff:0x4a785901180e5602!8m2!3d21.1349844!4d79.0758663!16s%2Fg%2F1vvr4pvd!19sChIJ____pIjA1DsRAlYOGAFZeEo?authuser=0&hl=en&rclk=1
"Newlife Hospital Dharampeth (Dr. Neelam chhajed, Dr. Hemant Chhajed)",0.0,0,712 355 4990,,,http://newlifehospital.org.in/,"https://www.google.com/maps/place/Newlife+Hospital+Dharampeth+%28Dr.+Neelam+chhajed,+Dr.+Hemant+Chhajed%29/data=!4m7!3m6!1s0x3bd4c12b33ba25f1:0x3da5e6c45e2c0fa0!8m2!3d21.1412186!4d79.0647808!16s%2Fg%2F11p5_r90xn!19sChIJ8SW6MyvB1DsRoA8sXsTmpT0?authuser=0&hl=en&rclk=1"
Baraskar Hospital And Research Center,5.0,1,,,,,https://www.google.com/maps/place/Baraskar+Hospital+And+Research+Center/data=!4m7!3m6!1s0x3bd4c08f4ffb0f6d:0x762b1a1b57afb732!8m2!3d21.132915!4d79.070826!16s%2Fg%2F11mxmy7swc!19sChIJbQ_7T4_A1DsRMrevVxsaK3Y?authuser=0&hl=en&rclk=1
Maxcare Hospital Laparoscopic Surgery Institute And Advanced Critical Are Unit,4.0,1,098600 4575,Hospital First Floor Hayatt Building Plot No12 Khare Marg,098600 45756,,https://www.google.com/maps/place/Maxcare+Hospital+Laparoscopic+Surgery+Institute+And+Advanced+Critical+Are+Unit/data=!4m7!3m6!1s0x3bd4c09119be2987:0xa726509e7f88d1b0!8m2!3d21.1363981!4d79.0796742!16s%2Fg%2F11s4vcxpzk!19sChIJhym-GZHA1DsRsNGIf55QJqc?authuser=0&hl=en&rclk=1
Sushrut Institute Of Medical Science,3.9,9,,,,,https://www.google.com/maps/place/Sushrut+Institute+Of+Medical+Science/data=!4m7!3m6!1s0x3bd4c08fc478e9a3:0x138d2e3202f5d781!8m2!3d21.134297!4d79.0750893!16s%2Fg%2F11csb1qbpt!19sChIJo-l4xI_A1DsRgdf1AjIujRM?authuser=0&hl=en&rclk=1
Sood Eye Hospital Nagpur,4.9,7,,Hospital  Shri Vardhan Complex beside Big BazarClosed ⋅ Opens 10 am Sat,080 4803 2428,https://www.soodeyehospital.in/,https://www.google.com/maps/place/Sood+Eye+Hospital+Nagpur/data=!4m7!3m6!1s0x3bd4c09177093219:0xd5e04afc98768264!8m2!3d21.1377145!4d79.0788276!16s%2Fg%2F1261fjcc2!19sChIJGTIJd5HA1DsRZIJ2mPxK4NU?authuser=0&hl=en&rclk=1
Dr. Rajendra Deshmukh,4.4,25,712 254 7873,Hospital Wardha Road Zansi Rani Square 2nd Floor Zansi Rani Square above Martha Mandir,0712 254 7873,,https://www.google.com/maps/place/Dr.+Rajendra+Deshmukh/data=!4m7!3m6!1s0x3bd4c0c011f8b8d1:0xeebe2f38aaf923c5!8m2!3d21.1405337!4d79.0803077!16s%2Fg%2F1tczntvz!19sChIJ0bj4EcDA1DsRxSP5qjgvvu4?authuser=0&hl=en&rclk=1
Metro hospital,,,,,,,https://www.google.com/maps/place/Metro+hospital/data=!4m7!3m6!1s0x3bd4c10059716561:0x863a7ba1fa7ea2c3!8m2!3d21.1458004!4d79.0881546!16s%2Fg%2F11y2c758ln!19sChIJYWVxWQDB1DsRw6J--qF7OoY?authuser=0&hl=en&rclk=1
"Smruti Trust Hospital, Nr. Gaorakshan Mandir, Dhantoli, Wardha Road, Nagpur, 440012",1.0,1,712 242 7080,,440012 1,,"https://www.google.com/maps/place/Smruti+Trust+Hospital,+Nr.+Gaorakshan+Mandir,+Dhantoli,+Wardha+Road,+Nagpur,+440012/data=!4m7!3m6!1s0x3bd4c09a969c88fd:0x74fed997f5e66934!8m2!3d21.1316188!4d79.0778628!16s%2Fg%2F1tn047mq!19sChIJ_YiclprA1DsRNGnm9ZfZ_nQ?authuser=0&hl=en&rclk=1"
T.B. WARD HOSPITAL,3.7,3,,,,,https://www.google.com/maps/place/T.B.+WARD+HOSPITAL/data=!4m7!3m6!1s0x3bd4c0a3b614f215:0x6395113c0333c42e!8m2!3d21.129093!4d79.0902842!16s%2Fg%2F11gc9q9wlx!19sChIJFfIUtqPA1DsRLsQzAzwRlWM?authuser=0&hl=en&rclk=1
Laxmi Maternity & Surgical Hospital,,,712 252 3931,,0712 252 3931,,https://www.google.com/maps/place/Laxmi+Maternity+%26+Surgical+Hospital/data=!4m7!3m6!1s0x3bd4c061bfffffff:0x93249724d99aca0!8m2!3d21.1389989!4d79.0630932!16s%2Fg%2F1tj2ly21!19sChIJ____v2HA1DsRoKyZTXJJMgk?authuser=0&hl=en&rclk=1
VISHWAKARMA EYE HOSPITAL AND RETINA CENTRE,5.0,29,091303 4654,Hospital Fortune mall Sitabuldi metro station Munje squareClosed ⋅ Opens 11 am Sat,091303 46546,,https://www.google.com/maps/place/VISHWAKARMA+EYE+HOSPITAL+AND+RETINA+CENTRE/data=!4m7!3m6!1s0x3bd4c1689b4204b7:0x1e2e3589193a60d9!8m2!3d21.1408481!4d79.0820413!16s%2Fg%2F11pfbw818t!19sChIJtwRCm2jB1DsR2WA6GYk1Lh4?authuser=0&hl=en&rclk=1
Dr Rubal Jain - Child Specialist In Nagpur | Child Hospital | Best Child Doctor | Pediatrician In Nagpur,4.9,196,074477 9900,Children's hospital  5th Floor Aditya Enclave Varunam Super Speciality Hospital Central Bazar Road opposite Somalwar High SchoolClosed ⋅ Opens 10 am Sat,074477 99000,https://varunamhospital.com/dr-rubal-jain/,https://www.google.com/maps/place/Dr+Rubal+Jain+-+Child+Specialist+In+Nagpur+%7C+Child+Hospital+%7C+Best+Child+Doctor+%7C+Pediatrician+In+Nagpur/data=!4m7!3m6!1s0x3bd4c10ef4458501:0xd2eded8511b7cbd5!8m2!3d21.1336119!4d79.074564!16s%2Fg%2F11t6ptj6p0!19sChIJAYVF9A7B1DsR1cu3EYXt7dI?authuser=0&hl=en&rclk=1
Aditya Hospital,4.3,7,,,,,https://www.google.com/maps/place/Aditya+Hospital/data=!4m7!3m6!1s0x3bd4c08feafbcf6b:0x9f39f3ff003838e7!8m2!3d21.134206!4d79.0747053!16s%2Fg%2F11b5pjjsy8!19sChIJa8_76o_A1DsR5zg4AP_zOZ8?authuser=0&hl=en&rclk=1
Namma Vidyashala,3.7,3,,,,,https://www.google.com/maps/place/Namma+Vidyashala/data=!4m7!3m6!1s0x3bd4c1e2cf1c6ccf:0xb2e688868e2e4f4f!8m2!3d21.135392!4d79.0790396!16s%2Fg%2F11kfb2jby7!19sChIJz2wcz-LB1DsRT08ujoaI5rI?authuser=0&hl=en&rclk=1
Treat Mi Hospital,0.0,0,,,,,https://www.google.com/maps/place/Treat+Mi+Hospital/data=!4m7!3m6!1s0x3bd4c130aa19c1bb:0x2e6c77cf1651bb12!8m2!3d21.1359596!4d79.0794509!16s%2Fg%2F11ffg_glrv!19sChIJu8EZqjDB1DsRErtRFs93bC4?authuser=0&hl=en&rclk=1
Central India Institute Of Medical Sciences,0.0,0,712 668 7777,,20712 668 7777,https://ciimsnagpur.com/,https://www.google.com/maps/place/Central+India+Institute+Of+Medical+Sciences/data=!4m7!3m6!1s0x3bd4c07daaa26ed3:0x300b6acf3e32c7d2!8m2!3d21.146279!4d79.0659537!16s%2Fg%2F11j4sw5405!19sChIJ026iqn3A1DsR0scyPs9qCzA?authuser=0&hl=en&rclk=1
Golhar Nursing Home,3.0,15,,,,,https://www.google.com/maps/place/Golhar+Nursing+Home/data=!4m7!3m6!1s0x3bd4c08f00000001:0xcb72433b9634051d!8m2!3d21.1347375!4d79.0774365!16s%2Fg%2F1tf85jyp!19sChIJAQAAAI_A1DsRHQU0ljtDcss?authuser=0&hl=en&rclk=1
Sarada Hospital,5.0,1,712 276 8540,Hospital Chhaprulok Chowk Next To Telephone Exchange Square C A Road C A RoadTemporarily closed,0712 276 8540,,https://www.google.com/maps/place/Sarada+Hospital/data=!4m7!3m6!1s0x3bd4c0c011f8b8d1:0xe3a8df8c7ebbf02e!8m2!3d21.1458004!4d79.0881546!16s%2Fg%2F1tftcsmx!19sChIJ0bj4EcDA1DsRLvC7fozfqOM?authuser=0&hl=en&rclk=1
Pandit Maternity & Nursing Home,5.0,2,712 243 6771,Maternity Centre 43MM+C9X Humpyard Rd,0712 243 6771,,https://www.google.com/maps/place/Pandit+Maternity+%26+Nursing+Home/data=!4m7!3m6!1s0x3bd4c099def09f79:0x235e7e192d9cd100!8m2!3d21.1336131!4d79.0834957!16s%2Fg%2F11b5pk3685!19sChIJeZ_w3pnA1DsRANGcLRl-XiM?authuser=0&hl=en&rclk=1
